rank,Youtuber,subscribers,video views,category,uploads,Country,channel_type,created_year,Population
1,T-Series,245000000,2.28E+11,Music,20082,India,Music,2006,1366417754
3,MrBeast,166000000,28368841870,Entertainment,741,United States,Entertainment,2012,328239523
4,Cocomelon - Nursery Rhymes,162000000,1.64E+11,Education,966,United States,Education,2006,328239523
5,SET India,159000000,1.48E+11,Shows,116536,India,Entertainment,2006,1366417754
7,ýýý Kids Diana Show,112000000,93247040539,People & Blogs,1111,United States,Entertainment,2015,328239523
8,PewDiePie,111000000,29058044447,Gaming,4716,Japan,Entertainment,2010,126226568
9,Like Nastya,106000000,90479060027,People & Blogs,493,Russia,People,2016,144373535
10,Vlad and Niki,98900000,77180169894,Entertainment,574,United States,Entertainment,2018,328239523
11,Zee Music Company,96700000,57856289381,Music,8548,India,Music,2014,1366417754
12,WWE,96000000,77428473662,Sports,70127,United States,Sports,2007,328239523
14,BLACKPINK,89800000,32144597566,People & Blogs,543,South Korea,Music,2016,51709098
16,Sony SAB,83000000,1.01E+11,Shows,71270,India,Entertainment,2007,1366417754
17,5-Minute Crafts,80100000,26236790209,Howto & Style,1,United Kingdom,Entertainment,2020,66834405
18,BANGTANTV,75600000,20826993957,Music,2281,South Korea,Music,2012,51709098
20,Justin Bieber,71600000,30608119724,Music,249,Canada,Music,2007,36991981
21,HYBE LABELS,71300000,28634566938,Music,1337,South Korea,Music,2008,51709098
22,Zee TV,70500000,73139054467,Entertainment,129204,India,Entertainment,2005,1366417754
23,Pinkfong Baby Shark - Kids' Songs & Stories,68200000,38843229963,Education,2865,United States,Education,2011,328239523
24,Canal KondZilla,66500000,36775585925,Music,2572,Brazil,Music,2012,212559417
25,ChuChu TV Nursery Rhymes & Kids Songs,65900000,45757850229,Education,633,India,Education,2013,1366417754
26,Shemaroo Filmi Gaane,65600000,28648024439,Music,8502,India,Music,2010,1366417754
27,Colors TV,64600000,61510906457,Shows,112915,India,Entertainment,2008,1366417754
28,T-Series Bhakti Sagar,61000000,29533230328,Music,13,India,Music,2018,1366417754
29,Dude Perfect,59500000,16241549158,Sports,389,United States,Sports,2009,328239523
30,Movieclips,59500000,59316472754,Film & Animation,39113,United States,Film,2006,328239523
31,Tips Official,59300000,33431802698,Music,4741,India,Music,2007,1366417754
32,El Reino Infantil,58400000,57271630846,Music,1510,Argentina,Music,2011,44938712
33,Wave Music,58000000,40602020243,Music,19487,India,Music,2014,1366417754
34,Aaj Tak,57600000,25307753534,News & Politics,283775,India,News,2009,1366417754
35,Sony Music India,57200000,28837144516,Music,3882,India,Music,2009,1366417754
36,EminemMusic,56900000,27073872856,Music,156,United States,Music,2007,328239523
37,Marshmello,56400000,14696003229,Entertainment,436,United States,Music,2015,328239523
38,YRF,54600000,35302243691,Film & Animation,3707,India,Music,2006,1366417754
40,Ed Sheeran,53500000,30367676736,Music,383,United Kingdom,Music,2006,66834405
41,Infobells - Hindi,53300000,30516172739,Education,577,India,Education,2014,1366417754
42,Taylor Swift,52900000,29884657286,Music,216,United States,Music,2006,328239523
43,Ariana Grande,52700000,24004842608,Music,147,United States,Music,2007,328239523
44,BillionSurpriseToys  - Nursery Rhymes & Cartoons,52200000,9877365274,Education,847,United States,Education,2013,328239523
45,JuegaGerman,48100000,14631710289,Gaming,2052,Chile,Games,2013,18952038
46,Billie Eilish,47900000,13626331061,Music,65,United States,Music,2013,328239523
47,Get Movies,47500000,30788679536,Entertainment,3322,Russia,Film,2006,144373535
48,Shemaroo,47400000,22519705183,Entertainment,11451,India,Entertainment,2007,1366417754
50,SonyMusicIndiaVEVO,46600000,27286058807,Music,3444,United States,Music,2009,328239523
51,A4,46300000,22936630813,Gaming,1,Cuba,People,2006,11333483
53,Fernanfloo,46100000,10323391593,Gaming,543,El Salvador,Games,2011,6453553
54,Voot Kids,45500000,21388725229,Entertainment,4660,India,Entertainment,2016,1366417754
55,Felipe Neto,45200000,16602198273,Entertainment,4331,Brazil,Entertainment,2006,212559417
56,Vocï¿½ï¿½ï¿½,44700000,7828610828,Entertainment,1558,Brazil,Entertainment,2013,212559417
57,HAR PAL GEO,44600000,41139050371,Entertainment,100755,Pakistan,Entertainment,2008,216565318
59,Katy Perry,44200000,25458952022,Music,128,United States,Music,2008,328239523
60,whinderssonnunes,44200000,4274709210,Comedy,558,Brazil,Comedy,2013,212559417
61,ABS-CBN Entertainment,44200000,50292540392,People & Blogs,193890,Philippines,Entertainment,2008,108116615
62,Alan Walker,43700000,12884264778,Music,8,Thailand,Film,2006,69625582
64,Shakira,43500000,27568757295,People & Blogs,326,Colombia,Howto,2005,50339443
65,ýýýýýýýý ýý ýýýýýýýýýýýýýý,43200000,36458726976,Film & Animation,1478,Russia,Education,2011,144373535
66,ARY Digital HD,43200000,37939780685,Entertainment,109871,Pakistan,Entertainment,2016,216565318
67,Speed Records,42500000,26820902622,Music,10938,India,Music,2012,1366417754
68,Masha and The Bear,42400000,24519022988,Shows,1218,United States,Film,2014,328239523
69,Like Nastya Show,42400000,19547696190,Entertainment,618,United States,Entertainment,2017,328239523
70,Rihanna,41900000,22477745835,Entertainment,84,Barbados,Music,2005,287025
71,Ishtar Music,41400000,17608931161,Trailers,4510,India,Music,2005,1366417754
72,Kimberly Loaiza,41300000,5603111948,People & Blogs,291,Mexico,People,2016,126014024
73,Little Baby Bum - Nursery Rhymes & Kids Songs,40900000,39450824833,Education,2423,United States,Education,2011,328239523
74,Luisito Comunica,40600000,8670473639,Comedy,0,Mexico,Comedy,2010,126014024
77,shfa2 - ï¿½ï¿½,39700000,23884824160,People & Blogs,1596,United Arab Emirates,People,2017,9770529
79,CarryMinati,39200000,3294013141,Comedy,186,India,Comedy,2014,1366417754
80,XXXTENTACION,39200000,10507474316,Music,133,United States,Music,2015,328239523
81,Super Simple Songs - Kids Songs,39200000,44900897958,Education,744,Canada,Education,2006,36991981
82,Mikecrack,39100000,16118181673,Gaming,1876,Spain,Games,2015,47076781
83,WorkpointOfficial,39000000,36131228583,Entertainment,72580,Thailand,Entertainment,2012,69625582
84,GR6 EXPLODE,38900000,25154232306,Music,3043,Brazil,Music,2014,212559417
85,TEDx Talks,38600000,7339333120,Nonprofits & Activism,200933,United States,Nonprofit,2009,328239523
86,shfa,38400000,21528116909,People & Blogs,982,Saudi Arabia,Games,2018,34268528
87,Goldmines Gaane Sune Ansune,38300000,16718192386,Music,3532,India,Music,2015,1366417754
88,One Direction,38200000,13598903820,Music,11,United States,Music,2016,328239523
89,TheEllenShow,38200000,22756581750,Entertainment,15672,United States,Entertainment,2006,328239523
90,Sony PAL,38200000,28519339489,Shows,24089,India,Entertainment,2014,1366417754
91,Daddy Yankee,38000000,22731415608,Music,505,United States,Music,2011,328239523
92,Vlad vï¿½ï¿½ï,37900000,23510152352,nan,515,United States,Entertainment,2018,328239523
93,Like Nastya ESP,37600000,18208196857,Entertainment,743,United States,Entertainment,2017,328239523
94,ýýýýýýýýýýýý one31,37500000,27262462114,Entertainment,117152,Thailand,Entertainment,2013,69625582
95,Jkk Entertainment,37200000,16402066717,Comedy,220,India,Comedy,2017,1366417754
96,ABP NEWS,37000000,13102611515,People & Blogs,301308,India,News,2012,1366417754
97,Maria Clara & JP,37000000,24188861917,People & Blogs,744,Brazil,Entertainment,2015,212559417
98,Bruno Mars,36700000,19378155425,Music,99,United States,Music,2006,328239523
99,Maroon 5,36600000,22553923546,Music,171,United States,Music,2006,328239523
100,Ultra Bollywood,36600000,15653786446,Trailers,9168,India,Entertainment,2009,1366417754
102,YouTube,36300000,3010784935,News & Politics,744,United States,Entertainment,1970,328239523
106,La Granja de Zenï¿½,35700000,27118354077,Music,654,Argentina,Music,2013,44938712
107,Saregama Music,35500000,15657673422,Entertainment,7566,India,Music,2013,1366417754
108,IndiaTV,35500000,16105023749,News & Politics,273255,India,News,2006,1366417754
109,T-Series Bollywood Classics,35400000,22637783517,Music,2010,India,Music,2012,1366417754
111,Markiplier,35200000,20297931219,Gaming,5490,United States,Games,2012,328239523
112,Ryan's World,35200000,55299840198,Entertainment,2453,United States,Entertainment,2015,328239523
113,Genevieve's Playhouse - Learning Videos for Kids,34900000,25607397308,Education,617,United States,Film,2016,328239523
116,Geet MP3,34300000,12746535822,Music,679,India,Music,2016,1366417754
117,J Balvin,34100000,23005313609,Music,141,Colombia,Music,2011,50339443
118,Jess No Limit,34000000,3963007415,Entertainment,2284,Indonesia,Entertainment,2017,270203917
119,Jingle Toons,34000000,11351015824,Film & Animation,240,India,Film,2013,1366417754
120,VEGETTA777,33800000,15432929204,Gaming,7606,Spain,Games,2008,47076781
121,Galinha Pintadinha,33800000,27274550757,Film & Animation,66,Brazil,Film,2006,212559417
122,SSSniperWolf,33700000,23492684419,Gaming,3366,United States,Entertainment,2013,328239523
124,Selena Gomez,33600000,13013567335,Film & Animation,188,United States,Music,2008,328239523
125,Rajshri,33500000,14864294792,Music,3741,India,Entertainment,2006,1366417754
126,Ch3Thailand,33500000,29611914495,Entertainment,96214,Thailand,Entertainment,2014,69625582
127,KHANDESHI MOVIES,33500000,11405809704,Comedy,217,India,Comedy,2013,1366417754
128,NoCopyrightSounds,33400000,10530729078,Music,1331,United Kingdom,Music,2011,66834405
129,CVS 3D Rhymes & Kids Songs,33400000,20269857567,Education,338,India,Education,2008,1366417754
130,Ricis Official,33300000,5994136760,People & Blogs,2736,Indonesia,Entertainment,2016,270203917
131,BabyBus - Kids Songs and Cartoons,32800000,26355088167,Education,2122,United States,Education,2016,328239523
132,Eros Now Music,32700000,17853798780,Entertainment,1521,India,Entertainment,2012,1366417754
133,BETER Bï¿½ï¿½,32700000,19180039918,nan,2738,Turkey,Games,2012,83429615
134,DisneyMusicVEVO,32700000,28516250629,Music,2068,United States,Music,2010,328239523
135,The Weeknd,32600000,23379969006,Music,169,Canada,Music,2011,36991981
137,KAROL G,32100000,18699145555,Music,134,Colombia,Music,2013,50339443
138,Mr Bean,32100000,10602236110,Shows,3091,United Kingdom,Comedy,2006,66834405
139,rezendeevil,32100000,13061739758,Gaming,11882,Brazil,Entertainment,2012,212559417
140,StarPlus,32000000,26800674545,Entertainment,44892,India,Entertainment,2006,1366417754
142,GMA  Network,31900000,19428308461,Entertainment,93311,Philippines,Entertainment,2006,108116615
143,GENIAL,31800000,6762424690,Howto & Style,6734,Mexico,Howto,2017,126014024
144,MR. INDIAN HACKER,31700000,5711208484,Science & Technology,929,India,Tech,2012,1366417754
145,Worldwide Records Bhojpuri,31700000,16476978876,Music,6518,India,Music,2012,1366417754
146,DONA ï¿½ï¿½,31700000,21031745531,Entertainment,166,United States,Entertainment,2018,328239523
147,Dream,31700000,2930015381,Gaming,116,United States,Games,2014,328239523
148,Lucas and Marcus,31600000,11615848291,Entertainment,1321,United States,Entertainment,2011,328239523
149,JustinBieberVEVO,31600000,26583873105,Music,204,United States,Music,2009,328239523
151,Peppa Pig - Official Channel,31400000,22919271731,Film & Animation,3589,United Kingdom,Education,2013,66834405
152,YOLO AVENTURAS,31200000,9673649438,People & Blogs,65,Venezuela,Comedy,2018,28515829
153,The Tonight Show Starring Jimmy Fallon,31200000,17111726160,Comedy,8976,United States,Comedy,2006,328239523
154,TheDonato,31200000,6187804950,Entertainment,3027,Argentina,Games,2015,44938712
155,ImagineDragons,30700000,16793072362,Music,92,United States,Music,2009,328239523
156,Diana and Roma ESP,30700000,12355992466,nan,578,United States,Entertainment,2016,328239523
157,Round2hell,30700000,3145161634,Comedy,67,India,Entertainment,2016,1366417754
158,Zee News,30500000,16709857823,News & Politics,180092,India,News,2007,1366417754
159,AboFlah,30500000,4521573939,Gaming,641,Kuwait,Entertainment,2016,4207083
160,AH,30400000,4332274962,Entertainment,2197,Indonesia,Entertainment,2014,270203917
161,Trap Nation,30400000,14037426379,Music,2725,United States,Music,2012,328239523
162,ýýýýýýýýýýýýýýý ýýýýýý ýýýýýýýýýýýýýýýýýý,30400000,17999961915,nan,532,United States,Entertainment,2018,328239523
163,Boram Tube Vlog [ï¿½ï¿½ï¿½ï¿½ï¿½ï¿½ï¿½ï¿½ï¿,30300000,13546549817,Entertainment,223,United States,Entertainment,2012,328239523
164,Adele,30200000,14199108016,Music,15,United Kingdom,Music,2008,66834405
165,Talking Tom,30200000,15199330166,Comedy,2,United States,Entertainment,2008,328239523
166,ýýýýýýýý ýýýýýýýý ýýýýýýýýýý | toyoraljanahtv,30200000,27684955537,Entertainment,3254,Jordan,Music,2008,10101694
168,Spinnin' Records,30100000,19607009165,Music,11501,Netherlands,Music,2007,17332850
169,Little Angel: Nursery Rhymes & Kids Songs,30100000,22593193994,Education,1349,United States,Education,2015,328239523
171,Shawn Mendes,30000000,12831200855,Music,133,Canada,Music,2011,36991981
172,ashish chanchlani vines,29800000,4457913639,Comedy,151,India,Comedy,2009,1366417754
173,Ultra Records,29600000,17208027242,Music,4903,United States,Music,2006,328239523
175,Maluma,29300000,21226945136,Music,14,Argentina,People,2015,44938712
176,Zhong,29200000,14727238483,Entertainment,1513,United States,Entertainment,2015,328239523
177,Enaldinho,29200000,11627437847,Comedy,3654,Brazil,Games,2012,212559417
178,AuronPlay,29200000,4079141673,Comedy,404,Spain,Comedy,2006,47076781
180,infobells - Tamil,28900000,17930570614,Education,555,India,Education,2014,1366417754
182,The Late Late Show with James Corden,28400000,9956764048,Entertainment,5809,United States,Entertainment,2006,328239523
183,Aditya Movies,28400000,10062770060,Movies,5436,India,Film,2012,1366417754
185,infobells - Telugu,28300000,14814192034,Education,505,India,Education,2014,1366417754
186,HUM TV,28300000,23844936965,Entertainment,106983,Pakistan,Entertainment,2011,216565318
187,Shemaroo Movies,28200000,7600740993,Entertainment,3009,India,Film,2011,1366417754
188,Michael Jackson,28200000,14412474625,Music,15,United States,Music,2005,328239523
191,Sandeep Maheshwari,27800000,2303069221,People & Blogs,0,Singapore,nan,2008,5703569
192,Bounce Patrol - Kids Songs,27800000,21037851468,Music,292,Australia,Music,2013,25766605
193,toycantando,27700000,15777682516,Music,619,Colombia,Music,2009,50339443
194,MrBeast 2,27500000,4552581106,People & Blogs,27,United States,Music,2011,328239523
195,Wiz Khalifa,27500000,13379395501,Music,682,United States,Music,2008,328239523
196,JYP Entertainment,27400000,19883150017,Music,1753,South Korea,Music,2008,51709098
197,ýýý Kids Roma Show,27400000,10336420490,People & Blogs,642,United States,Entertainment,2015,328239523
198,DanTDM,27400000,19417887510,Gaming,3664,United Kingdom,Games,2012,66834405
199,Nick Jr.,27300000,22440611155,Film & Animation,5438,United States,Entertainment,2012,328239523
200,Crazy XYZ,27300000,7705492350,Entertainment,1259,India,Tech,2017,1366417754
202,Dushyant kukreja,27100000,17318452893,Entertainment,889,India,Entertainment,2015,1366417754
204,Brent Rivera,27000000,6570935979,Comedy,554,United States,Entertainment,2009,328239523
205,Renato Garcia YT,26900000,7938616641,Entertainment,3956,Brazil,Entertainment,2011,212559417
206,Beast Reacts,26700000,4388047013,People & Blogs,241,United States,Entertainment,2016,328239523
207,enchufetv,26700000,10317306313,Comedy,975,Colombia,Comedy,2011,50339443
208,Netflix,26700000,7173668905,Entertainment,6471,United States,Entertainment,2012,328239523
209,Raffy Tulfo in Action,26500000,15065753455,News & Politics,10022,Philippines,News,2016,108116615
210,WORLDSTARHIPHOP,26500000,20358117330,Music,6873,United States,Music,2008,328239523
211,Goldmines Bollywood,26400000,8595760553,Film & Animation,3622,India,Film,2015,1366417754
212,Alan Chikin Chow,26400000,27006526665,Comedy,865,United States,Comedy,2020,328239523
213,PANDA BOI,26400000,17211600007,Entertainment,967,Italy,Entertainment,2020,60297396
214,BB Ki Vines,26300000,4749833967,Entertainment,190,India,Entertainment,2015,1366417754
215,D Billions,26200000,31977463002,nan,775,United States,Entertainment,2019,328239523
216,Junya.ï¿½ï¿½ï¿½ï¿½,26200000,16097531087,Entertainment,5985,Japan,Entertainment,2020,126226568
217,Smosh,26100000,10435474336,Comedy,1619,United States,Comedy,2005,328239523
218,1MILLION Dance Studio,26100000,7886440199,Entertainment,0,Saudi Arabia,Music,2019,34268528
220,Beyoncï¿,26000000,17308961985,Music,240,United States,Music,2005,328239523
222,Indosiar,25900000,11372071889,Music,65286,Indonesia,Entertainment,2013,270203917
223,VanossGaming,25800000,15541421838,Gaming,1762,Canada,Games,2011,36991981
224,David Guetta,25700000,17793809548,Music,749,United States,Music,2009,328239523
225,LosPolinesios,25700000,7466926260,People & Blogs,982,Mexico,People,2012,126014024
226,Nicki Minaj,25700000,10242981063,Music,42,United States,Music,2013,328239523
228,TaylorSwiftVEVO,25600000,25592378292,Music,287,United States,Music,2009,328239523
230,Post Malone,25500000,14401218086,Music,78,United States,Music,2011,328239523
231,Rans Entertainment,25400000,6430853035,People & Blogs,3716,Indonesia,Entertainment,2015,270203917
232,LankyBox,25400000,34300482066,Comedy,8775,United States,Games,2016,328239523
233,Coldplay,25300000,17331663193,Music,398,United Kingdom,Music,2010,66834405
235,WB Kids,25200000,11081602368,People & Blogs,2025,United States,Film,2015,328239523
238,The Lallantop,25200000,10409352249,News & Politics,51129,India,News,2015,1366417754
239,RihannaVEVO,25100000,19458807708,Music,118,United States,Music,2009,328239523
240,WatchMojo.com,25100000,16357064198,Music,24837,Canada,Entertainment,2007,36991981
241,TRANS7 OFFICIAL,25000000,14169516119,Entertainment,89179,Indonesia,Entertainment,2014,270203917
242,Anuel AA,25000000,14827085149,Music,147,Colombia,Music,2016,50339443
243,Dan Rhodes,24800000,17387583720,Entertainment,1644,United Kingdom,Entertainment,2015,66834405
244,Yuya,24800000,2588501115,Howto & Style,672,Mexico,Howto,2009,126014024
245,America's Got Talent,24800000,3699352704,Entertainment,1894,United States,Entertainment,2006,328239523
247,EminemVEVO,24700000,20531704527,Music,104,United States,Music,2009,328239523
248,Chloe Ting,24700000,2994726412,Howto & Style,412,Australia,Howto,2011,25766605
249,KatyPerryVEVO,24600000,23755792542,Music,175,United States,Music,2009,328239523
250,Mark Rober,24600000,3647987299,Science & Technology,120,United States,Tech,2011,328239523
251,1theK (ï¿½ï¿½ï¿½ï¿½ï,24500000,23962070944,Music,18950,South Korea,Entertainment,2011,51709098
252,Like Nastya AE,24400000,12385924995,Entertainment,658,United States,Entertainment,2018,328239523
254,Pen Movies,24300000,6608773195,Film & Animation,1667,India,Film,2014,1366417754
255,MrBeast en Espaï¿½ï,24200000,2700914170,Entertainment,67,Mexico,Entertainment,2021,126014024
256,shfa show India,24200000,15724160183,nan,469,United Arab Emirates,People,2019,9770529
257,Super JoJo - Nursery Rhymes & Kids Songs,24100000,329774870,nan,36,United States,Education,2019,328239523
258,Alejo Igoa,24100000,10999000479,Comedy,802,Argentina,Entertainment,2014,44938712
260,netd mï¿½ï¿,24100000,56106087508,Music,23491,Turkey,Music,2014,83429615
261,DJ Snake,24100000,8425505919,Music,252,United States,Music,2008,328239523
262,Diana and Roma ARA,24100000,11041261296,nan,590,United States,Entertainment,2019,328239523
263,KSI,24100000,6002166932,Entertainment,1252,United Kingdom,Music,2009,66834405
264,Spider Slack,24000000,13943030228,Comedy,901,Brazil,Comedy,2020,212559417
266,Preston,24000000,8279004442,Gaming,4009,United States,Entertainment,2012,328239523
267,James Charles,23900000,4067878931,Entertainment,505,United States,Entertainment,2015,328239523
268,Collins Key,23900000,6582932625,Entertainment,257,United States,Entertainment,2011,328239523
269,Diana and Roma EN,23900000,7213499085,People & Blogs,511,United States,Entertainment,2011,328239523
271,Troom Troom,23800000,10414479943,Howto & Style,2425,United States,Howto,2015,328239523
272,Enrique Iglesias,23800000,17688774915,Music,443,United States,Music,2007,328239523
273,Ninja,23700000,2543809954,Gaming,1732,United States,Games,2011,328239523
274,FaZe Rug,23700000,7451792132,Gaming,0,Canada,Games,2012,36991981
275,Mister Max,23700000,15510153803,People & Blogs,1099,United Kingdom,Entertainment,2014,66834405
276,That Little Puff,23700000,20289689389,Pets & Animals,769,United States,Animals,2020,328239523
278,Juan De Dios Pantoja,23600000,2135644776,Entertainment,226,Mexico,People,2014,126014024
279,Logan Paul,23600000,5994002464,Entertainment,719,United States,Entertainment,2015,328239523
280,Maya and Mary,23600000,6766461070,Entertainment,552,United States,Entertainment,2013,328239523
281,Peppa Pig Espaï¿½ï¿½ï¿½ï¿½ï¿½ï¿½ï¿½ï¿½ï¿½,23600000,7920637200,Film & Animation,1251,United Kingdom,Film,2014,66834405
282,Jelly,23500000,14777034543,Gaming,6066,United Kingdom,Games,2014,66834405
283,Miss Katy,23500000,14696994366,People & Blogs,1044,United Kingdom,Entertainment,2014,66834405
284,Tilak,23400000,9465863821,Film & Animation,6672,India,Film,2020,1366417754
285,Valentina Pontes ofc,23400000,7926899136,Film & Animation,1291,Brazil,Entertainment,2014,212559417
286,Sesame Street,23300000,22471357411,Entertainment,3657,United States,Entertainment,2006,328239523
287,Happy Lives,23200000,2634,Science & Technology,1,United States,Entertainment,2016,328239523
288,Lady Gaga,23200000,15751661213,People & Blogs,172,United States,Music,2008,328239523
290,Wave Music Bhojpuri,23100000,12889240875,Music,22578,India,Music,2014,1366417754
291,GMM GRAMMY OFFICIAL,23100000,25579831081,Music,15462,Thailand,Music,2010,69625582
292,TED,23100000,2551113422,People & Blogs,4445,United States,Tech,2006,328239523
293,unknown boy varun,23100000,9299371231,Music,456,India,Music,2016,1366417754
294,Kids TV - Nursery Rhymes And Baby Songs,23100000,13151870846,Shows,3781,United States,Music,2013,328239523
295,Tsuriki Show,23000000,31494513067,Entertainment,2905,Germany,Comedy,2019,83132799
296,Technical Guruji,23000000,3378047383,Science & Technology,5041,India,Tech,2015,1366417754
297,DrossRotzank,23000000,6041264489,Entertainment,1598,Argentina,Entertainment,2006,44938712
298,White Hill Music,23000000,10939966484,Entertainment,5718,India,Music,2014,1366417754
299,Ultra Movie Parlour,22900000,5320485069,Movies,1670,India,Film,2011,1366417754
300,Alan Becker,22900000,5380073627,Film & Animation,0,United States,Games,2006,328239523
301,toyorbabytv,22900000,16298342829,Music,1159,Jordan,Music,2012,10101694
302,BabyBus - Canciones Infantiles & Videos para Niï¿½ï,22900000,13206471140,Education,1251,Mexico,Education,2018,126014024
304,Vania Mania Kids,22700000,10115316784,People & Blogs,985,United States,Education,2015,328239523
306,Sun TV,22600000,20847038152,People & Blogs,60964,India,Entertainment,2016,1366417754
307,Heroindori,22600000,9223534599,Comedy,495,India,Entertainment,2020,1366417754
308,The Chainsmokers,22600000,14231943358,Music,180,United States,Music,2012,328239523
309,mmoshaya,22600000,17507060680,People & Blogs,1189,Saudi Arabia,Entertainment,2010,34268528
310,Sia,22600000,13405849040,Music,171,United States,Music,2007,328239523
311,LeoNata Family,22600000,27084848152,People & Blogs,2321,United States,People,2021,328239523
312,Goldmines Cineplex,22500000,2431154438,Film & Animation,3377,India,Film,2015,1366417754
313,Vlad and Niki Arabic,22500000,10613701948,nan,526,United States,Entertainment,2018,328239523
314,SSundee,22500000,13835173331,Gaming,3315,United States,Games,2009,328239523
315,Paulo Londra,22400000,8040036209,Music,58,Argentina,Music,2016,44938712
316,Smile Family,22300000,8663830163,People & Blogs,34,France,Music,2019,67059887
317,FGTeeV,22300000,24059336857,Gaming,1724,United States,Games,2013,328239523
318,Kinder Spielzeug Kanal (Kidibli),22200000,11136266461,Entertainment,999,United States,Entertainment,2015,328239523
319,Charlie Puth,22000000,9924807127,Music,157,United States,Music,2009,328239523
320,Vlad and Niki ESP,22000000,8594440895,nan,515,United States,Entertainment,2018,328239523
321,Sagawa /ï¿½ï¿½ï¿½,22000000,18347969186,Entertainment,6274,Japan,Entertainment,2021,126226568
322,Ben Azelart,21900000,4454917643,Film & Animation,301,United States,Entertainment,2014,328239523
323,Zach Choi ASMR,21900000,5918314128,People & Blogs,946,United States,People,2014,328239523
324,Topper Guild,21900000,15552070846,Comedy,816,United States,Comedy,2014,328239523
325,Disney Latinoamï¿½ï¿½,21900000,20657571751,Entertainment,116,Mexico,Music,2008,126014024
326,Stokes Twins,21800000,4469711607,People & Blogs,257,United States,People,2008,328239523
327,National Geographic,21800000,5614621131,Science & Technology,10162,United States,Entertainment,2006,328239523
328,Dua Lipa,21800000,11288359365,Music,164,United Kingdom,Music,2011,66834405
329,OneDirectionVEVO,21800000,12140232004,Music,266,United Kingdom,Music,2010,66834405
333,ZAMZAM ELECTRONICS TRADING,21700000,8507818877,nan,15126,United Arab Emirates,People,2020,9770529
334,DUDU e CAROL,21600000,9597894786,Autos & Vehicles,2942,Brazil,Entertainment,2013,212559417
335,Village Cooking Channel,21600000,5863377051,Howto & Style,219,India,Howto,2018,1366417754
336,Eva Bravo Play,21600000,9346383505,Entertainment,228,United States,Entertainment,2019,328239523
337,Tekashi 6ix9ine,21500000,5890180734,People & Blogs,51,United States,Music,2018,328239523
338,Tlnovelas,21500000,15013096899,News & Politics,158,Mexico,Entertainment,2014,126014024
340,invictor,21500000,8409641722,Gaming,17,Chile,People,2016,18952038
341,YOLO,21400000,1573058816,Comedy,0,Germany,nan,2013,83132799
342,Sidhu Moose Wala,21400000,6264261757,Music,114,India,Music,2017,1366417754
343,The Royalty Family,21300000,6269945014,People & Blogs,733,United States,People,2017,328239523
344,Becky G,21300000,10644857969,Music,78,United States,Music,2011,328239523
345,Ishaan Ali 11,21300000,12761253839,People & Blogs,951,India,People,2016,1366417754
346,Infinite,21300000,5141834668,Entertainment,1608,United States,Entertainment,2014,328239523
347,Azhan5star,21300000,10047736580,Entertainment,669,India,Entertainment,2021,1366417754
348,Dangal TV Channel,21300000,12895427184,Entertainment,20225,India,Entertainment,2017,1366417754
350,GMA Public  Affairs,21200000,11364908616,Entertainment,31989,Philippines,News,2009,108116615
351,Tasty,21100000,5783557209,Howto & Style,4728,United States,Howto,2016,328239523
352,Baim Paula,21100000,4526271677,People & Blogs,2325,Indonesia,Entertainment,2016,270203917
353,nigahiga,21000000,4380564906,Entertainment,403,United States,Entertainment,2006,328239523
354,Rafa & Luiz,21000000,7762905663,Entertainment,2883,Brazil,Entertainment,2015,212559417
355,Lyrical Lemonade,21000000,10631638628,Entertainment,420,United States,Entertainment,2013,328239523
356,Vlad and Niki IDN,21000000,9789121606,nan,498,United States,Entertainment,2018,328239523
357,Dr. Vivek Bindra: Motivational Speaker,20900000,1693149479,Education,896,India,Education,2013,1366417754
358,Fatos Desconhecidos,20900000,3828000587,Entertainment,6262,Brazil,Entertainment,2013,212559417
359,Brave Wilderness,20900000,4927879069,Pets & Animals,982,United States,Animals,2014,328239523
360,LIV Crime,20900000,11058049885,People & Blogs,9850,United States,People,2020,328239523
362,Romeo Santos,20900000,17324976752,Music,6,United States,Music,2006,328239523
363,Canal Canalha,20800000,1870608170,Comedy,288,Brazil,Comedy,2011,212559417
364,Kurzgesagt ï¿½ï¿½ï¿½ï¿½ï¿½ï¿,20800000,2378448129,Education,193,Germany,Education,2013,83132799
365,Yoeslan,20700000,17963202261,Entertainment,619,United States,Entertainment,2020,328239523
366,5-Minute Crafts DIY,20700000,5091618606,Howto & Style,5062,United States,Howto,2018,328239523
368,tuzelity SHUFFLE,20700000,8658941531,People & Blogs,889,Russia,People,2015,144373535
369,NBA,20700000,12624879732,Sports,47926,United States,Sports,2005,328239523
370,Deddy Corbuzier,20600000,4956090094,Entertainment,15,Indonesia,Entertainment,2007,270203917
371,Bizarrap,20600000,7657171980,Comedy,83,Argentina,Entertainment,2017,44938712
372,Avicii,20600000,10292874715,Music,156,Sweden,Music,2009,10285453
373,Mnet K-POP,20500000,15038593883,Entertainment,33229,South Korea,Entertainment,2006,51709098
374,LazarBeam,20500000,8768697257,Gaming,1323,Australia,Games,2015,25766605
375,Ninja Kidz TV,20500000,11009148579,Entertainment,296,United States,Entertainment,2017,328239523
376,Totoy kids - Portuguï¿½,20400000,1796227417,Film & Animation,206,Brazil,Film,2014,212559417
377,Jake Paul,20400000,7311322368,People & Blogs,1006,United States,People,2013,328239523
378,Linkin Park,20400000,13397000296,Music,0,Afghanistan,Games,2006,38041754
379,Vijay Television,20400000,29406206620,Entertainment,51515,India,Entertainment,2007,1366417754
380,SlivkiShow,20400000,4707412332,Entertainment,462,Ukraine,Entertainment,2012,44385155
381,Emiway Bantai,20400000,3579555124,Music,239,India,Music,2013,1366417754
382,Got Talent Global,20300000,2441288701,Entertainment,1245,United Kingdom,Entertainment,2013,66834405
384,BabyBus - Cerita & Lagu Anak-anak,20300000,11819051552,Education,875,Indonesia,Education,2019,270203917
385,Ami Rodriguez,20200000,2951914200,Entertainment,460,Colombia,Entertainment,2009,50339443
386,Noor Stars,20200000,2764127969,Comedy,693,United Arab Emirates,Entertainment,2014,9770529
388,Kiddiestv Hindi - Nursery Rhymes & Kids Songs,20200000,7274150246,Education,226,India,Education,2017,1366417754
389,dednahype,20200000,20919403720,Comedy,1935,Latvia,Comedy,2020,1912789
390,Marta and Rustam,20200000,19694265358,Comedy,761,United States,Comedy,2021,328239523
391,MiawAug,20200000,6098644584,Gaming,3713,Indonesia,Games,2014,270203917
392,CookieSwirlC,20100000,23353115850,Entertainment,3774,United States,Games,2013,328239523
393,Skrillex,20100000,6618524158,Music,241,United States,Music,2010,328239523
394,AuthenticGames,20100000,8920141342,Gaming,4974,Brazil,Games,2011,212559417
396,Pencilmation,20100000,11317309935,Film & Animation,1481,United States,Entertainment,2007,328239523
397,7clouds,20100000,14816075927,Music,2384,United States,Music,2013,328239523
398,5-Minute Crafts PLAY,20100000,6119294270,Howto & Style,5491,United States,Howto,2017,328239523
399,Marvel Entertainment,20100000,5634695322,Entertainment,1,United States,Film,2011,328239523
400,BuzzFeedVideo,20100000,17913237851,People & Blogs,7737,United States,People,2011,328239523
401,REACT,20000000,13154314376,Entertainment,4339,United States,Entertainment,2007,328239523
402,Vevo,20000000,559765455,Music,1527,United States,Music,2006,328239523
403,Gordon Ramsay,20000000,3875172235,Entertainment,1527,United Kingdom,Entertainment,2006,66834405
404,Pentatonix,20000000,6033295543,Music,1,Canada,Entertainment,2006,36991981
405,Green Gold TV - Official Channel,20000000,9715291883,Film & Animation,1476,India,Entertainment,2011,1366417754
406,Gusttavo Lima Oficial,19900000,13917423958,Music,416,Brazil,Music,2010,212559417
407,HaerteTest,19800000,3234880084,Science & Technology,1411,Germany,Tech,2011,83132799
408,Crafty Panda,19800000,5759442450,People & Blogs,760,United States,Entertainment,2017,328239523
409,SOMOY TV,19800000,12293479945,News & Politics,9930,United States,News,2013,328239523
410,JennaMarbles,19700000,1803249241,Comedy,250,United States,Comedy,2010,328239523
412,Official Pink Panther,19700000,10955619815,Film & Animation,1,United States,Games,2011,328239523
413,Britain's Got Talent,19700000,11323617496,Entertainment,4225,United Kingdom,Entertainment,2008,66834405
414,SCTV,19700000,9808676159,Entertainment,267,United Kingdom,Music,2006,66834405
415,AS Gaming,19600000,2851024430,Gaming,17,United States,Games,2009,328239523
416,Sony AATH,19600000,13930021471,Shows,18661,United States,Entertainment,2013,328239523
417,tabii Urdu,19600000,8779729549,Entertainment,1306,Turkey,Entertainment,2020,83429615
418,DaFuq!?Boom!,19600000,7906181776,Film & Animation,214,United States,Entertainment,2016,328239523
419,Clash of Clans,19600000,3961318438,Gaming,674,United States,Games,2013,328239523
420,RKD Studios,19500000,5234251168,Entertainment,847,India,Entertainment,2014,1366417754
421,DLS News,19400000,2255542592,News & Politics,4750,India,News,2017,1366417754
422,JukiLop,19400000,1577859332,People & Blogs,85,Mexico,People,2017,126014024
423,etvteluguindia,19400000,23038014291,Entertainment,125974,India,Entertainment,2010,1366417754
424,FIFA,19400000,5529131886,Sports,10728,Switzerland,Sports,2006,8574832
425,Manoj  parihar,19300000,264228052,nan,335,India,Howto,2021,1366417754
428,shane,19200000,4329121104,People & Blogs,570,United States,Comedy,2005,328239523
429,Sonotek,19200000,7590582024,Entertainment,8285,India,Music,2011,1366417754
430,Jimmy Kimmel Live,19100000,13124645973,Entertainment,6526,United States,Comedy,2006,328239523
431,TheOdd1sOut,19100000,4566120190,Comedy,139,United States,Comedy,2014,328239523
434,ýýýýýýýýýýýýýý ýýýý,19000000,4924054368,Education,60,United States,Entertainment,2018,328239523
435,SUPER SLICK SLIME SAM,19000000,7229175322,Howto & Style,903,Mexico,Howto,2018,126014024
436,Wow Kidz Action,19000000,8281724393,Film & Animation,1525,India,Entertainment,2017,1366417754
437,Turma da Mï¿½ï¿½,19000000,13824277846,Film & Animation,1154,Brazil,Film,2012,212559417
438,Calvin Harris,19000000,16014044618,Music,79,United Kingdom,Music,2007,66834405
439,KBS WORLD TV,19000000,15126092508,Entertainment,64496,South Korea,Entertainment,2007,51709098
440,HiMan,18900000,2855519150,People & Blogs,375,Russia,Entertainment,2014,144373535
442,Little Angel Espaï¿½ï¿½ï¿½ï¿½ï¿½ï¿½ï¿½ï¿½ï¿½,18900000,9813245108,Education,719,Mexico,Education,2018,126014024
443,TED-Ed,18800000,3654621568,Education,2072,United States,Education,2011,328239523
444,Sidemen,18800000,5257834105,Entertainment,312,United Kingdom,Entertainment,2015,66834405
447,Farruko,18800000,9573641299,Music,217,United States,Music,2009,328239523
448,ýýýýýýýýýýýýýýýýýýýýýý,18800000,9594188708,Entertainment,530,Ukraine,Entertainment,2014,44385155
449,Triggered Insaan,18800000,3276891538,Comedy,304,India,People,2014,1366417754
450,CKN,18700000,12295637162,Entertainment,16,Spain,Music,2005,47076781
452,Shemaroo Comedy,18600000,6047584292,Entertainment,4487,India,Comedy,2007,1366417754
453,Smile Family Spanish,18600000,7008250496,nan,457,United States,Entertainment,2019,328239523
454,GRAMMY GOLD OFFICIAL,18600000,20196704276,Music,6287,Thailand,Music,2014,69625582
455,ýýýýýýýý ýýýýýýýýýý ýýýýýýýýýý | Arab Games Network,18600000,8761255550,Gaming,6289,Saudi Arabia,Games,2013,34268528
456,Dan-Sa / Daniel Saboya,18500000,2908120896,Music,1329,Brazil,Music,2007,212559417
457,Marmok,18500000,3457618361,Gaming,374,Russia,Games,2008,144373535
459,Like Nastya Vlog,18500000,8147575884,People & Blogs,493,Russia,People,2016,144373535
460,Willie Salim,18500000,4051072188,People & Blogs,679,Indonesia,People,2014,270203917
461,PDK Films,18400000,4120324310,Entertainment,111,United States,Entertainment,2009,328239523
462,TheWillyrex,18400000,7038827526,Comedy,6943,Spain,Games,2011,47076781
463,RsiamMusic : ï¿½ï¿½ï¿½ï¿½ï¿½ï¿½ï¿½ï¿½,18400000,11544297793,Music,3159,Thailand,Music,2011,69625582
465,shakiraVEVO,18400000,25367126292,Music,197,United States,Music,2009,328239523
466,Naisa Alifia Yuriza (N.A.Y),18300000,1606834186,People & Blogs,786,Indonesia,Entertainment,2017,270203917
467,Miley Cyrus,18300000,7760819588,Entertainment,142,United States,Entertainment,2009,328239523
468,IShowSpeed,18300000,1556003039,Gaming,1324,United States,Games,2016,328239523
471,INCRï¿½ï¿,18200000,3213324455,People & Blogs,6903,Brazil,Howto,2017,212559417
472,Jake Fellman,18100000,13378360425,Entertainment,420,United States,Entertainment,2012,328239523
473,GEN HALILINTAR,18100000,3306242674,Entertainment,1037,Indonesia,Entertainment,2015,270203917
474,SQUEEZIE,18100000,9983065083,Gaming,1521,France,Entertainment,2011,67059887
475,Blippi - Educational Videos for Kids,18100000,14857290259,Education,707,United States,Education,2014,328239523
476,officialpsy,18100000,10703830496,Music,131,South Korea,Music,2010,51709098
478,Manual do Mundo,18000000,3980991248,Howto & Style,2470,Brazil,Tech,2006,212559417
479,How Ridiculous,18000000,9601137077,Sports,650,Australia,Sports,2009,25766605
480,And TV,18000000,15412333005,Entertainment,45,United States,Entertainment,2006,328239523
481,Sebastiï¿½ï¿½ï¿½,18000000,10463166404,News & Politics,237,United States,Music,2013,328239523
482,SonyMusicSouthVEVO,18000000,17921124985,Music,5692,United States,Music,2014,328239523
483,TheGrefg,18000000,6404852037,Gaming,3566,Spain,Games,2012,47076781
485,David Dobrik,17900000,7176572299,People & Blogs,536,United States,People,2014,328239523
486,KatieAngel,17900000,3841205465,People & Blogs,982,United States,Music,2015,328239523
487,RobleisIUTU,17900000,5168721499,Entertainment,1344,Argentina,Games,2013,44938712
488,Lele Pons,17900000,5244917119,Comedy,185,United States,Entertainment,2015,328239523
489,Demi Lovato,17900000,6888074944,Music,314,United States,Music,2008,328239523
490,Like Nastya VNM,17900000,9867515979,Entertainment,602,Vietnam,Entertainment,2019,96462106
491,Jason Derulo,17900000,9887116267,Music,830,United States,Music,2008,328239523
492,MGC Playhouse,17900000,16174530046,Shows,1426,United States,Education,2009,328239523
494,Priyal Kukreja,17800000,11057945183,People & Blogs,772,India,People,2021,1366417754
495,MSA previously My Story Animated,17800000,8588704539,Film & Animation,26,United States,People,2021,328239523
496,ýýýýýýýýý KIMPRO,17700000,19206701832,nan,1646,South Korea,People,2017,51709098
497,Jane ASMR ï¿½ï¿½,17700000,7387621644,nan,1888,South Korea,People,2012,51709098
498,ArianaGrandeVevo,17700000,20115544708,Music,178,United States,Music,2010,328239523
499,jaanvi patel,17700000,7912733203,People & Blogs,512,India,People,2018,1366417754
500,tanboy kun,17700000,3647267655,People & Blogs,739,Indonesia,Entertainment,2016,270203917
502,Porta dos Fundos,17700000,7739048000,Entertainment,2240,Brazil,Entertainment,2012,212559417
503,News 24,17700000,8396875537,News & Politics,211620,Ukraine,News,2006,44385155
504,Les' Copaque Production,17700000,9059696049,Film & Animation,1716,Malaysia,Entertainment,2009,32447385
505,El Payaso Plim Plim,17700000,17247584185,Film & Animation,1316,Argentina,Music,2013,44938712
506,zbing z.,17600000,9269174070,Gaming,3151,Thailand,Games,2014,69625582
507,MissaSinfonia,17600000,2274007523,Comedy,233,Mexico,Comedy,2011,126014024
508,ýýýýýýýýý Liziqi,17600000,2977741577,Howto & Style,128,China,Howto,2017,1397715000
510,DeGoBooM,17600000,6306204566,Gaming,4702,Chile,Games,2014,18952038
511,JFlaMusic,17600000,3802280098,Music,326,South Korea,Music,2011,51709098
512,FactTechz,17500000,2238134438,Entertainment,709,India,Entertainment,2016,1366417754
513,News18 India,17500000,7263619576,News & Politics,182742,India,News,2007,1366417754
514,Fun For Kids TV - Hindi Rhymes,17500000,7612385622,Entertainment,149,India,Entertainment,2017,1366417754
515,IGN,17500000,16107116549,Gaming,156215,United States,Games,2006,328239523
516,Aphmau,17400000,17763586483,Gaming,4411,United States,Games,2012,328239523
517,AMARINTV : ï¿½ï¿½ï¿½ï¿½ï¿½ï¿½ï¿½ï¿½ï¿½ï¿½ï¿½ï¿½,17400000,13043561912,Entertainment,118448,Thailand,News,2014,69625582
518,ýýýýýýýýýýýýýýýý - Al-Remas,17400000,11144195464,Music,2133,Iraq,Music,2013,39309783
520,Apple,17300000,1026425106,Science & Technology,180,United States,Tech,2005,328239523
521,Stubborn Facts,17300000,902225615,Film & Animation,287,India,Entertainment,2016,1366417754
522,Taarak Mehta Ka Ooltah Chashmah,17300000,11371738047,Entertainment,4778,India,Entertainment,2014,1366417754
523,HowToBasic,17300000,3684816159,Howto & Style,582,Australia,Howto,2011,25766605
525,Marques Brownlee,17200000,3606912471,Science & Technology,1567,United States,Tech,2008,328239523
526,Anitta,17200000,7337212581,Music,138,Brazil,Music,2011,212559417
527,Jason Vlogs,17200000,8903647480,Education,83,Australia,People,2014,25766605
528,El Reino a Jugar,17200000,11445492404,Education,1007,Argentina,Education,2015,44938712
529,Willyrex,17200000,5024088947,Gaming,7550,Spain,Games,2009,47076781
530,TheBrianMaps,17100000,4448334716,Comedy,498,Russia,Entertainment,2012,144373535
531,TRANS TV Official,17100000,9710962528,Entertainment,148225,Indonesia,Entertainment,2014,270203917
532,Liza Koshy,17100000,2173106162,Comedy,142,United States,Entertainment,2013,328239523
533,Queen Official,17000000,10847948832,Music,1015,United Kingdom,Music,2008,66834405
534,Prajapati News,17000000,1001465469,Comedy,1407,India,Entertainment,2013,1366417754
536,LuisFonsiVEVO,17000000,14543594822,Music,97,United States,Music,2009,328239523
537,Pop Chartbusters,16900000,8684010451,Music,2235,India,Music,2011,1366417754
538,Guava Juice,16900000,9111000228,Gaming,1910,United States,Entertainment,2006,328239523
539,EeOneGuy,16900000,3827906874,Entertainment,366,United States,Entertainment,2013,328239523
540,VICE,16900000,4609753237,Entertainment,3900,United States,Entertainment,2005,328239523
541,Aayu and Pihu Show,16900000,9270331567,Comedy,441,India,People,2017,1366417754
542,Danny Fitt,16900000,9544277833,People & Blogs,2337,United States,Entertainment,2016,328239523
543,Bispo Bruno Leonardo,16900000,3523578665,Nonprofits & Activism,4891,Brazil,Nonprofit,2016,212559417
547,Like Nastya IDN,16800000,7195314800,Entertainment,502,Indonesia,Entertainment,2019,270203917
548,Gato Galactico | GALï¿½ï¿,16800000,3693798804,Film & Animation,1491,Brazil,Entertainment,2013,212559417
550,CoryxKenshin,16700000,7102965621,Gaming,1693,United States,Games,2009,328239523
551,With Kids[ï¿½ï¿½ï¿½ï¿½ï,16700000,8826138204,Entertainment,920,United States,Entertainment,2012,328239523
552,Travis Scott,16700000,7979736581,Music,13,United States,Music,2010,328239523
553,Tu COSMOPOLIS,16700000,5089284369,People & Blogs,8741,Mexico,People,2014,126014024
554,Ivana Alawi,16600000,1318442641,nan,180,Philippines,People,2018,108116615
555,Werever2morro,16600000,2798273962,Entertainment,0,Mexico,Games,2010,126014024
556,IDEAS EN 5 MINUTOS,16600000,3696973456,Howto & Style,216,Spain,nan,2017,47076781
557,NMF News,16600000,7435180827,News & Politics,112261,India,News,2013,1366417754
558,SriBalajiMovies,16600000,9439857193,Entertainment,20102,India,Entertainment,2011,1366417754
559,Lahari Music - TSeries,16600000,11946217860,Music,8976,India,Music,2011,1366417754
560,Younes Zarou,16600000,15278668857,Entertainment,2200,Germany,Entertainment,2021,83132799
561,Jordan Matter,16600000,5819508534,Entertainment,413,United States,Entertainment,2006,328239523
562,ýýýýýýýý ýýýýýýýýýýýýýýýýýýýýýý,16500000,2440934034,Entertainment,421,United States,Entertainment,2014,328239523
563,FailArmy,16500000,3037260680,Comedy,438,United States,Entertainment,2011,328239523
564,BBC News Hindi,16500000,7043235131,News & Politics,21243,India,News,2009,1366417754
565,FunFun Toy Doll TV,16500000,7406207930,Entertainment,735,United States,Entertainment,2016,328239523
566,Sandra Cires Art,16400000,3955426159,Howto & Style,1091,United States,Entertainment,2011,328239523
567,Kaykai Salaider,16400000,4434679706,Comedy,428,Thailand,Entertainment,2011,69625582
568,UFC - Ultimate Fighting Championship,16400000,7135820721,Sports,14662,United States,Sports,2006,328239523
569,Ch7HD,16400000,9463244435,Entertainment,56203,Thailand,Entertainment,2010,69625582
572,GMMTV OFFICIALï¿½ï¿½,16400000,12844432341,Entertainment,23952,Thailand,Entertainment,2010,69625582
573,Matt Stonie,16300000,3527627264,Entertainment,54,United States,Entertainment,2010,328239523
574,Boyce Avenue,16300000,6578828147,Music,490,United States,Music,2007,328239523
575,Camila Cabello,16300000,6613422635,Music,80,United States,Music,2015,328239523
576,Little Mix,16300000,7520242626,Music,278,United Kingdom,Music,2011,66834405
577,SAM SMITH,16300000,10170264839,Music,230,United Kingdom,Entertainment,2012,66834405
578,Pitbull,16300000,12475714382,Music,352,United States,Music,2006,328239523
579,Bollywood Classics,16300000,7141825267,Entertainment,1444,India,Music,2011,1366417754
580,Technoblade,16300000,1656452554,Gaming,989,United States,Games,2013,328239523
581,W2S,16300000,4768370464,Gaming,652,United Kingdom,Entertainment,2012,66834405
582,Jennifer Lopez,16200000,10227242833,Music,258,United States,Music,2005,328239523
583,Kids Play,16200000,8091706232,Entertainment,593,United States,Entertainment,2018,328239523
584,T3ddy,16200000,2990185467,Comedy,1930,Brazil,People,2012,212559417
585,JJ Olatunji,16200000,4076692623,Gaming,1294,United Kingdom,Entertainment,2011,66834405
586,POPS Kids,16200000,9763592867,Music,3943,Vietnam,Film,2014,96462106
587,Thairath Online,16200000,14563841315,News & Politics,244899,Thailand,News,2010,69625582
588,LEGO,16200000,20522339099,Entertainment,31889,Singapore,Entertainment,2005,5703569
589,XO TEAM,16200000,14784781923,People & Blogs,189,United States,People,2020,328239523
590,AdMe,16200000,4488680903,Entertainment,10,Spain,Music,2006,47076781
592,Dyland PROS,16100000,1517638132,Entertainment,2805,Indonesia,Games,2015,270203917
594,Vlad and Niki ARA,16100000,7399296005,nan,510,United States,Entertainment,2019,328239523
595,Canal IN,16100000,2687443643,People & Blogs,723,Brazil,Entertainment,2017,212559417
597,Daily Dose Of Internet,16100000,6872702790,Entertainment,671,United States,Entertainment,2015,328239523
598,FitDance,16100000,7126210721,Music,41,France,Entertainment,2006,67059887
599,Panda Shorts,16100000,7155736006,nan,667,Sweden,Sports,2020,10285453
600,Disney Junior,16100000,15812009296,Entertainment,4045,United States,Entertainment,2008,328239523
601,La Rosa de Guadalupe,16100000,9642146451,Entertainment,0,Mexico,Games,2008,126014024
603,wifistudy,16000000,3018032423,Education,52144,India,Education,2014,1366417754
604,Antrax,16000000,3029872908,Gaming,687,Mexico,Games,2015,126014024
606,Totoy kids - Espaï¿½ï,16000000,5997599089,Film & Animation,344,Mexico,Film,2017,126014024
607,ýýýýýýýýýý,15900000,1845329502,People & Blogs,0,Russia,Games,2017,144373535
608,DopeLyrics,15900000,9962188084,Music,2035,United States,Music,2016,328239523
609,jeffreestar,15900000,2609358468,Howto & Style,433,United States,Howto,2006,328239523
610,Lyna,15900000,6534326412,Gaming,4906,Argentina,Games,2014,44938712
611,MK MUSIC,15900000,9198986881,Music,5105,Brazil,Music,2010,212559417
612,Unspeakable,15900000,9052367553,Gaming,796,United States,People,2016,328239523
613,Camilo,15900000,6802382479,Music,132,Colombia,Music,2010,50339443
614,Dear Sir,15800000,1349288771,Education,633,India,Education,2016,1366417754
615,Narendra Modi,15800000,3392918989,News & Politics,20679,India,News,2007,1366417754
616,Arif muhammad,15800000,4122634467,People & Blogs,542,Indonesia,Comedy,2017,270203917
617,Rotten Tomatoes Trailers,15800000,13116313599,Film & Animation,10441,United States,Film,2011,328239523
618,Volga Video,15700000,9787697838,Film & Animation,16874,India,Entertainment,2012,1366417754
619,DM - Desi Melodies,15700000,5914071870,Music,79,India,Music,2017,1366417754
620,MY FAMILY,15700000,6153495609,nan,150,Singapore,People,2019,5703569
621,Team Films Bhojpuri,15700000,6626563508,Music,19703,India,Music,2014,1366417754
622,Zee Music Classic,15700000,5558051295,Music,1640,India,Music,2014,1366417754
623,Prime Video India,15700000,8696631898,Entertainment,7090,United States,Entertainment,2016,328239523
624,Caeli YT,15600000,1511794214,Entertainment,483,Mexico,Entertainment,2010,126014024
626,Linus Tech Tips,15600000,7172386509,Science & Technology,6542,Canada,Tech,2008,36991981
627,Juliana Baltar,15600000,3869457097,Entertainment,2019,Brazil,Entertainment,2010,212559417
628,5-Minute Crafts FAMILY,15600000,6165757696,People & Blogs,4245,United States,Howto,2018,328239523
629,Blippi Espaï¿½ï,15500000,8984089026,People & Blogs,598,Mexico,Education,2017,126014024
631,Katakit Baby TV,15500000,6386271870,Music,220,Saudi Arabia,Music,2010,34268528
632,Infobells Bangla,15500000,7776706184,Education,359,India,Education,2016,1366417754
633,ýýýýýýýý ýý ýýýýýýýý,15500000,8265129639,Shows,1021,Saudi Arabia,Film,2017,34268528
634,Henrique e Juliano,15500000,14619523361,Music,325,Brazil,Music,2009,212559417
635,Mr DegrEE,15500000,12880388253,Science & Technology,0,United States,Entertainment,2016,328239523
636,Kashvi Adlakha,15500000,12714141740,Entertainment,1525,India,Entertainment,2017,1366417754
637,Talking Tom & Friends,15500000,6396049701,Entertainment,417,United States,Film,2010,328239523
638,ýýýýýýýý ýýýýýýýýýýýýýý ýýýý 5 ýýýýýýýýýý,15500000,4499826716,Howto & Style,5183,Egypt,Howto,2017,100388073
639,Harsh Beniwal,15400000,1781226000,Comedy,165,India,Comedy,2015,1366417754
640,FFUNTV,15400000,11513738907,Gaming,379,United Arab Emirates,Entertainment,2018,9770529
641,Mobile Legends: Bang Bang,15400000,1543608082,Gaming,1647,United States,Games,2016,328239523
642,Roman Atwood Vlogs,15400000,5469103954,People & Blogs,1756,United States,People,2013,328239523
643,Mrwhosetheboss,15400000,3736069980,Science & Technology,1577,United Kingdom,Tech,2011,66834405
644,Genierock,15400000,14564170905,Music,1725,Thailand,Music,2008,69625582
645,zayn,15400000,4909687948,Music,21,United States,Music,2016,328239523
646,Kerajinan 5-Menit,15400000,4750420071,People & Blogs,4186,Indonesia,Howto,2018,270203917
647,FC Barcelona,15300000,2656528205,Sports,10988,Spain,Sports,2006,47076781
648,Dave and Ava - Nursery Rhymes and Baby Songs,15300000,10714145606,Education,851,United States,Education,2014,328239523
649,LOKESH GAMER,15300000,1640078055,Gaming,1397,India,Games,2017,1366417754
650,ILYA BORZOV,15300000,9938811455,People & Blogs,2175,Russia,People,2021,144373535
651,Mazhavil Manorama,15300000,16545966132,Entertainment,87864,India,Entertainment,2011,1366417754
652,Pokï¿½ï¿½ï¿½ï¿½ï¿½ï¿½ï¿½ï¿½ï¿½,15200000,857725714,People & Blogs,194,India,Film,2017,1366417754
653,The MriDul,15200000,4503880875,Comedy,106,India,Comedy,2015,1366417754
654,Niana Guerrero,15200000,1491452935,Entertainment,443,Philippines,Entertainment,2013,108116615
655,SRK MUSIC,15200000,6391679636,Music,5056,India,Music,2012,1366417754
656,Sony LIV,15200000,7151683497,Entertainment,11099,India,Entertainment,2014,1366417754
657,T-Series Hamaar Bhojpuri,15200000,7564652648,Entertainment,9862,India,Music,2011,1366417754
658,Oyuncak Avï¿,15200000,8333387785,Entertainment,654,Turkey,Entertainment,2014,83429615
659,CNN,15200000,14198154095,News & Politics,160405,United States,News,2005,328239523
660,NDTV India,15200000,6624168155,News & Politics,91704,India,News,2008,1366417754
661,It's Mamix,15100000,1777072487,People & Blogs,210,United States,People,2017,328239523
663,Daftar Populer,15100000,2143140898,Education,3810,Indonesia,Entertainment,2017,270203917
665,Ranz Kyle,15100000,1760131384,People & Blogs,533,Philippines,Entertainment,2008,108116615
666,PowerfulJRE,15100000,3060202847,People & Blogs,1037,United States,People,2013,328239523
667,Mariale,15100000,2761547758,Howto & Style,2618,United States,Entertainment,2010,328239523
668,Makiman131,15100000,4236036141,Gaming,2997,Spain,Entertainment,2013,47076781
670,Mohamed Ramadan I ï¿½ï¿½ï¿½ï¿½ï¿½ï¿½ï,15100000,5324913850,People & Blogs,753,Egypt,Entertainment,2014,100388073
671,EdisonPts,15100000,6668507856,Gaming,3733,Russia,Games,2013,144373535
672,BIGBANG,15100000,7857371770,Music,776,South Korea,Music,2005,51709098
673,Rubï¿½ï¿½ï¿½ï¿½ï¿½ï¿½,15100000,9477021288,Comedy,921,Argentina,Comedy,2016,44938712
674,ABS-CBN News,15100000,10489367372,News & Politics,209520,Philippines,News,2009,108116615
675,Chapitosiki,15100000,13897932103,Entertainment,2717,Russia,Entertainment,2020,144373535
676,AdeleVEVO,15100000,12413869881,Music,52,United Kingdom,Music,2009,66834405
677,MoreAliA,15000000,4352427049,Gaming,2324,United Kingdom,Games,2013,66834405
678,Chetan Monga Vlogs,15000000,9924103188,People & Blogs,899,India,People,2014,1366417754
679,Little Angel - Mï¿½ï¿½ï¿½ï¿½ï¿½ï¿½ï¿½ï¿½ï¿½ï¿½,15000000,8897705695,Entertainment,795,Brazil,Education,2018,212559417
680,League of Legends,15000000,7159750970,Gaming,1362,United States,Games,2009,328239523
681,TheRichest,15000000,2730879024,Education,0,United States,Games,2006,328239523
682,XpressTV,15000000,4008801873,Entertainment,724,Mexico,Entertainment,2014,126014024
683,PlayStation,15000000,4741434420,Gaming,20292,United States,Games,2005,328239523
684,Kwebbelkop,15000000,6889304306,Gaming,5198,United States,Film,2008,328239523
685,Republic Bharat,15000000,7536093065,News & Politics,206,India,News,2018,1366417754
686,THE BROWN SIBLINGS,15000000,8658553456,Entertainment,965,India,Entertainment,2016,1366417754
687,Sony Music South,15000000,9978734160,Music,2726,India,Music,2014,1366417754
689,Ray William Johnson,15000000,10239836582,Entertainment,1803,United States,Comedy,2008,328239523
690,KOMPASTV,15000000,11827310821,News & Politics,269050,Indonesia,News,2013,270203917
691,ISSEI / ï¿½ï¿½ï¿½ï¿½,15000000,13562853889,Comedy,1788,Japan,Comedy,2014,126226568
692,Zï¿½ï¿½ï¿½ï¿½ï¿½ï¿½ï,15000000,11506702632,Music,340,Brazil,Music,2012,212559417
693,A2 Motivation by Arvind Arora,15000000,8932038210,Entertainment,3168,India,Entertainment,2017,1366417754
694,50 Cent,14900000,10069000444,Music,419,United States,Music,2007,328239523
695,MNCTV OFFICIAL,14900000,8074260978,Entertainment,66362,Indonesia,Entertainment,2012,270203917
696,ERB,14900000,4033400167,Entertainment,86,United States,Entertainment,2006,328239523
697,melanie martinez,14900000,4395184343,Music,127,United States,Music,2007,328239523
698,iTownGamePlay *Terror&Diversiï¿½ï,14900000,4977284539,Entertainment,8420,Spain,Games,2012,47076781
699,ýýýýýýýýýýýý8 : Thai Ch8,14900000,5549770244,Entertainment,27944,Thailand,Entertainment,2011,69625582
701,ýýýýýý,14900000,439098,People & Blogs,1,Russia,News,2008,144373535
702,TazerCraft,14900000,5956193599,Gaming,4175,Brazil,Games,2011,212559417
703,Bayashi TV,14900000,8615618825,Entertainment,93,Japan,Autos,2012,126226568
704,Fueled By Ramen,14800000,13356517783,Music,1210,United States,Entertainment,2006,328239523
705,CrashCourse,14800000,1833519700,Education,1481,United States,Education,2006,328239523
706,MattyBRaps,14800000,3587576784,Music,195,United States,Music,2010,328239523
707,Lachlan,14800000,5269059435,Gaming,3834,Australia,Games,2013,25766605
708,ýýýýýýýý ýýýýýýýý,14800000,7018015062,Howto & Style,2387,Ukraine,Howto,2015,44385155
709,Meghan Trainor,14800000,8649303688,People & Blogs,233,United States,Music,2008,328239523
710,Jorge & Mateus Oficial,14800000,9076642765,Music,318,Brazil,Music,2008,212559417
712,Beast Philanthropy,14800000,272678287,People & Blogs,34,Germany,Games,2015,83132799
713,Filaretiki,14800000,15788208522,nan,2222,United States,People,2021,328239523
714,5-Minute Crafts Recycle,14800000,8866012877,People & Blogs,3867,United States,Howto,2019,328239523
715,ýýýýýýýýýý ýýýýýýýýýýýý,14700000,2230986039,Entertainment,1385,Saudi Arabia,Entertainment,2016,34268528
716,Maha Fun Tv,14700000,1321380490,Entertainment,85,United States,Entertainment,2017,328239523
717,Canal Nostalgia,14700000,1506796393,Entertainment,554,Spain,Entertainment,2010,47076781
718,The Slow Mo Guys,14700000,2465473772,Entertainment,317,United States,Education,2010,328239523
719,StudyIQ IAS,14700000,4029253667,Education,43564,India,Education,2015,1366417754
720,Chad Wild Clay,14700000,6751985988,Comedy,698,United States,Entertainment,2006,328239523
721,CollegeHumor,14700000,7255848125,Comedy,4340,United States,Comedy,2006,328239523
722,Netflix Jr.,14700000,8882319696,Education,1996,United States,Education,2012,328239523
723,Colors Rishtey,14700000,12362331529,Entertainment,23490,India,Entertainment,2013,1366417754
724,ABC News,14700000,12961669452,News & Politics,80830,United States,News,2006,328239523
725,Camila Loures,14700000,4684983333,Music,3978,Brazil,Entertainment,2014,212559417
726,Doc Tops,14600000,2613197447,Entertainment,490,Ecuador,Entertainment,2014,17373662
727,Auron,14600000,3337074920,People & Blogs,961,Spain,Games,2013,47076781
728,Jesser,14600000,3603556207,Gaming,1244,United States,Entertainment,2012,328239523
729,Planeta das Gï¿½ï¿½,14600000,4622581344,People & Blogs,951,Brazil,Entertainment,2015,212559417
730,PrestonPlayz,14600000,5766647017,Gaming,4009,United States,Entertainment,2012,328239523
731,Martin Garrix,14600000,6017932195,Music,365,United States,Music,2011,328239523
732,O Reino Infantil,14600000,11182302317,Music,1206,Brazil,Music,2014,212559417
733,Fifth Harmony,14600000,7952268926,Music,67,United States,Music,2013,328239523
734,Mis Pastelitos,14600000,2750902766,Howto & Style,603,Mexico,Music,2014,126014024
735,Noman Official,14600000,5525773746,Comedy,560,India,Film,2019,1366417754
737,Like Nastya Stories,14500000,6944967581,Entertainment,479,United States,Entertainment,2019,328239523
738,les boys tv2,14500000,4577292740,Entertainment,453,United States,Film,2017,328239523
739,Lotus Music,14500000,1739129375,nan,514,India,Tech,2021,1366417754
740,IDEIAS INCRï¿½ï¿½,14500000,3551889957,Howto & Style,5430,Brazil,Howto,2017,212559417
741,Reaction Time,14500000,4260187928,Entertainment,1717,United States,Entertainment,2015,328239523
742,BBC News,14500000,4598387043,News & Politics,18972,United Kingdom,News,2006,66834405
743,Eli Kids - Cartoons & Songs,14500000,4821183481,nan,605,United States,Music,2018,328239523
744,Boram Tube ToysReview [ï¿½ï¿½ï¿½ï¿½ï¿½ï¿½ï¿½ï¿½ï¿,14500000,5014888374,People & Blogs,618,South Korea,People,2016,51709098
745,Aadishakti Films,14500000,6290721701,Music,4790,India,Music,2016,1366417754
746,Telemundo,14500000,8582696157,Entertainment,19201,United States,Entertainment,2007,328239523
747,GMM25Thailand,14500000,9383692066,Entertainment,68606,Thailand,Entertainment,2011,69625582
748,TV9 Bharatvarsh,14500000,10303519926,People & Blogs,293516,India,News,2018,1366417754
749,Maroon5VEVO,14500000,20042571499,Music,147,United States,Music,2009,328239523
750,Saad Lamjarred | ï¿½ï¿½ï¿½ï¿½ï¿½ï¿,14500000,4315486422,Music,176,Morocco,Music,2012,36910560
752,Lilly Singh,14500000,3517662420,Comedy,1064,Canada,Comedy,2010,36991981
753,ýýýýýýýýýýýýýýýýýýýýý,14400000,600154268,Entertainment,364,South Korea,Entertainment,2017,51709098
754,Gyan Gamingï¿½,14400000,2224121890,Gaming,3086,India,Games,2017,1366417754
755,Drawblogs,14400000,1629801448,Entertainment,399,Peru,Entertainment,2014,32510453
757,ýýýýýýýýýýýý ýýýýýýýýýýýý I ýýýýýý ýý ýýýýýýýýýý,14400000,2972474215,Entertainment,381,Saudi Arabia,Entertainment,2017,34268528
758,Cyprien,14400000,3086254545,Comedy,222,France,Comedy,2007,67059887
759,Rclbeauty101,14400000,3900312631,Comedy,463,United States,Entertainment,2010,328239523
760,Coke Studio,14400000,4035738731,Music,450,United States,Music,2008,328239523
761,Indore Physical Academy,14400000,4156427797,People & Blogs,1838,India,People,2014,1366417754
762,Rosanna Pansino,14400000,4597228794,Howto & Style,1248,United States,Howto,2010,328239523
763,Harry Styles,14400000,5689224452,People & Blogs,0,United States,Games,nan,328239523
764,Vlad and Niki PRT,14400000,6543282459,nan,516,United States,Entertainment,2018,328239523
765,RS 1313 SHORTS,14400000,8011977288,Entertainment,5628,India,Entertainment,2020,1366417754
767,SelenaGomezVEVO,14400000,11423792969,Music,186,United States,Music,2009,328239523
768,ZEE5,14400000,18515587421,Entertainment,101401,India,Entertainment,2018,1366417754
769,Super Polina,14300000,4776507159,People & Blogs,576,United States,Entertainment,2014,328239523
770,Rebecca Zamolo,14300000,6388439235,Comedy,1,United States,Entertainment,2011,328239523
771,Wish 107.5,14200000,6048517979,Music,1823,Philippines,Music,2014,108116615
772,Invento na Hora,14200000,4040297006,Film & Animation,1281,Brazil,Entertainment,2014,212559417
773,SIS vs BRO,14200000,6973932553,Entertainment,60,Ukraine,Entertainment,2016,44385155
774,NikkieTutorials,14200000,1778318927,Howto & Style,876,Netherlands,Entertainment,2008,17332850
775,TommyInnit,14200000,2084791147,Gaming,342,United Kingdom,Games,2015,66834405
776,E-MasterSensei,14200000,3920559552,Gaming,1300,Mexico,Games,2016,126014024
777,infobells - Kannada,14200000,6554000320,Education,433,India,Education,2014,1366417754
780,SEVENGERS,14200000,10238593147,Comedy,872,India,Comedy,2018,1366417754
781,Zee Bangla,14200000,11428794827,Entertainment,132398,India,Entertainment,2008,1366417754
782,DangMattSmith,14200000,3317805543,Entertainment,1724,United States,Entertainment,2011,328239523
783,Neha Kakkar,14100000,2131548711,Music,149,India,Music,2012,1366417754
786,Trap City,14100000,5129529846,Music,3,Australia,People,2015,25766605
787,Supercar Blondie,14100000,5405563355,Autos & Vehicles,855,United Arab Emirates,Autos,2007,9770529
788,Yudist Ardhana,14100000,6036496916,Entertainment,2854,Indonesia,Entertainment,2016,270203917
789,Lana Del Rey,14100000,6884215292,Music,43,United States,Music,2011,328239523
790,MalumaVEVO,14100000,19013942981,Music,182,United States,Music,2011,328239523
791,F2Freestylers - Ultimate Soccer Skills Channel,14100000,3280481927,Sports,777,United Kingdom,Sports,2011,66834405
792,Bie The Ska,14100000,4627069704,Entertainment,1540,Thailand,Entertainment,2006,69625582
793,AM3NlC,14000000,4959982720,Gaming,5757,Brazil,People,2012,212559417
794,Narins Beauty,14000000,2214167846,Howto & Style,431,Sweden,Entertainment,2014,10285453
795,TV Ana Emilia,14000000,4674164601,People & Blogs,651,Mexico,Entertainment,2014,126014024
796,ýýýýýýýýýýýý,14000000,7719743112,Gaming,2210,Russia,Games,2013,144373535
797,Luli Pampï¿½,14000000,8623705301,Music,294,Spain,Music,2012,47076781
798,Gallina Pintadita,14000000,9660950823,Music,62,Mexico,Film,2011,126014024
799,ViralHog,14000000,18917687143,People & Blogs,41117,United States,Animals,2014,328239523
800,ETV Jabardasth,14000000,13542939513,People & Blogs,9652,India,Comedy,2015,1366417754
801,Zee Telugu,14000000,12597067132,Entertainment,3,India,Music,2007,1366417754
802,Crescendo com Luluca,14000000,5094050461,Entertainment,1307,Brazil,People,2015,212559417
803,Jazzghost,13900000,5673347763,Gaming,5494,Brazil,Games,2012,212559417
804,karameeshchannel,13900000,9106781518,Entertainment,2254,Jordan,Music,2012,10101694
805,Darkar Company Studios,13900000,2244318380,Film & Animation,183,United States,Comedy,2009,328239523
807,T-Series Regional,13900000,5217553897,Entertainment,15075,India,Music,2011,1366417754
808,ADEL et SAMI,13900000,5465532801,Entertainment,503,United States,Entertainment,2018,328239523
809,Jamuna TV,13900000,12129583055,News & Politics,6,Bangladesh,Entertainment,2021,167310838
810,Atlantic Records,13900000,12513842343,Music,1660,United States,Music,2006,328239523
811,ýýýýýýýý ýý ýýýýýýýýýýýý,13900000,8451754769,nan,504,United States,People,2018,328239523
812,Veritasium,13900000,2165885634,Education,369,United States,Education,2010,328239523
814,Airrack,13800000,2224911030,Entertainment,173,United States,Entertainment,2015,328239523
815,Hacksmith Industries,13800000,1820559912,Science & Technology,887,Canada,Tech,2006,36991981
817,ýýýýýýýý/Atro,13800000,2480957682,Gaming,1952,Netherlands,Games,2017,17332850
818,123 GO! Spanish,13800000,5019136690,People & Blogs,520,Mexico,Howto,2019,126014024
819,Geo News,13800000,5727888539,News & Politics,190093,Pakistan,News,2007,216565318
820,Kids TV India Hindi Nursery Rhymes,13800000,6646953396,Shows,1505,India,Education,2014,1366417754
821,Think Music India,13800000,11039343563,Music,4978,India,Music,2009,1366417754
822,O Que Nï¿½ï¿½ï¿½ï¿½ï¿½ï¿,13700000,1967930734,Comedy,696,Brazil,Entertainment,2015,212559417
823,Goldmines Premiere,13700000,1973638757,Entertainment,975,India,Film,2013,1366417754
824,MAIKI021,13700000,1950178163,Entertainment,3298,Brazil,Entertainment,2008,212559417
825,The Vishal bhatt,13700000,9596430464,Comedy,1040,India,Comedy,2021,1366417754
826,NishaMadhulika,13700000,2939201386,Howto & Style,2158,India,Howto,2009,1366417754
827,MyMissAnand,13700000,4963275018,People & Blogs,340,India,Entertainment,2014,1366417754
828,FAPTV,13700000,5457203710,Comedy,863,Vietnam,Comedy,2014,96462106
829,Wesley Safadï¿½,13700000,8134379376,Music,438,Brazil,Music,2009,212559417
830,infobells,13700000,5178142148,Education,495,India,Education,2011,1366417754
832,Acenix,13600000,2122062016,Gaming,368,Spain,Games,2014,47076781
833,Zeinab Harake,13600000,896891351,nan,273,Philippines,People,2017,108116615
834,DALLMYD,13600000,1948925559,Sports,412,United States,Sports,2011,328239523
835,Lindsey Stirling,13600000,3764608356,Music,199,United States,Music,2007,328239523
836,JOJO TV - Hindi Stories,13600000,5141201173,Education,1097,India,Film,2016,1366417754
837,BBC,13600000,9685060624,Pets & Animals,16047,United Kingdom,Entertainment,2005,66834405
838,Saturday Night Live,13600000,14717282742,Entertainment,8335,United States,Comedy,2013,328239523
839,BUDI01 GAMING,13500000,1181292450,Gaming,319,Indonesia,Games,2019,270203917
840,Typical Gamer,13500000,4301581610,Gaming,4312,Canada,Games,2008,36991981
841,Anaysa,13500000,3445794123,Howto & Style,591,India,Howto,2012,1366417754
842,JULIA GISELLA,13500000,5380132790,Entertainment,19,United Kingdom,Music,2015,66834405
843,Awakening Music,13500000,5545936485,Music,814,United Kingdom,Music,2006,66834405
844,Lady Diana,13500000,8265920659,Entertainment,1403,Ukraine,People,2016,44385155
845,Sanjoy Das Official,13500000,3912334359,Entertainment,1793,India,Games,2015,1366417754
846,Woody & Kleiny,13500000,11717217293,Comedy,975,United Kingdom,Entertainment,2013,66834405
847,Vijay Kumar Viner Vlogs,13500000,7958771872,Entertainment,1357,India,Entertainment,2019,1366417754
848,Conor Maynard,13500000,2750993392,Music,321,United States,Music,2006,328239523
849,Wengie,13500000,1900272833,Howto & Style,462,United States,Howto,2010,328239523
850,Vlad y Niki Show,13400000,4622628957,nan,477,United States,Entertainment,2018,328239523
851,Codiscos,13400000,11789678655,Music,7356,Colombia,Music,2007,50339443
852,The World Adventures ï¿½ï¿½ï¿½ï¿½ï¿½ï¿½,13400000,2139769210,People & Blogs,1028,India,People,2016,1366417754
853,Vibhu 96,13400000,20563378,nan,256,India,Education,2022,1366417754
855,ATHLEAN-Xï¿½,13400000,2319515787,Howto & Style,1349,United States,Howto,2006,328239523
856,My Mate Nate,13400000,3363634923,Comedy,1195,Thailand,Entertainment,2014,69625582
857,H2ODelirious,13400000,4356686216,Gaming,3727,United States,Games,2007,328239523
858,GMA Integrated News,13400000,9569814790,News & Politics,296272,Philippines,News,2007,108116615
859,Peet Montzingo,13400000,10022557589,People & Blogs,319,United States,People,2014,328239523
860,The Q,13400000,4306212515,People & Blogs,96,United States,Sports,2006,328239523
861,Trakin Tech,13300000,2262690743,Science & Technology,3640,India,Tech,2011,1366417754
862,theRadBrad,13300000,6050102764,Gaming,8195,United States,Games,2006,328239523
863,Matt Steffanina,13300000,3299216601,Entertainment,331,United States,Entertainment,2007,328239523
865,Kurt Hugo Schneider,13300000,3733856870,Entertainment,698,United States,Entertainment,2007,328239523
866,Vogue,13300000,4177184071,Entertainment,3166,United States,People,2008,328239523
867,ýýýýýýýýýýýýýýýýýý,13300000,6482687220,People & Blogs,608,Russia,Entertainment,2015,144373535
868,Kids Lineï¿½ï¿½ï¿½ï¿½ï¿½ï¿½ï¿½,13300000,9088562002,People & Blogs,2742,United States,Education,2011,328239523
869,VexTrex,13300000,7923901253,Entertainment,2411,Ukraine,Entertainment,2014,44385155
870,penguinz0,13300000,7773543609,Gaming,4613,United States,Entertainment,2007,328239523
871,Just For Laughs Gags,13300000,7406628736,Comedy,6916,United States,Comedy,2007,328239523
872,Kabita's Kitchen,13300000,2831275503,Howto & Style,1489,India,Howto,2014,1366417754
873,BanderitaX,13300000,4129249415,Gaming,1640,Saudi Arabia,Games,2013,34268528
874,AzzyLand,13300000,6412313570,Gaming,1749,Canada,Entertainment,2015,36991981
875,HUBAï¿½ï¿½,13200000,9884886099,Entertainment,538,United States,Entertainment,2021,328239523
876,BIBO ï¿½ï¿½ï¿½ï¿½ï¿½ï¿,13200000,1148422000,Entertainment,192,Russia,Entertainment,2019,144373535
877,Brawl Stars,13200000,2036408398,Gaming,172,Finland,Games,2017,5520314
879,Sonotek Bhakti,13200000,3789736218,Entertainment,8019,India,Music,2010,1366417754
880,Vilmei,13200000,4205664894,nan,1324,Indonesia,People,2013,270203917
881,MC Divertida,13200000,5224764969,Entertainment,413,Brazil,Entertainment,2018,212559417
882,The Infographics Show,13200000,5263540904,Education,4279,United States,Education,2011,328239523
883,jbalvinVEVO,13200000,20743586601,Music,237,Colombia,Music,2010,50339443
884,ýýýýýýTwinsFromRussia,13200000,9378175604,People & Blogs,6888,United States,People,2011,328239523
885,Technology Gyan,13200000,1138262456,Science & Technology,1022,India,Tech,2015,1366417754
886,CookingShooking Hindi,13200000,1758603195,People & Blogs,393,India,Howto,2017,1366417754
887,Ryan Trahan,13100000,2182651464,Entertainment,33,United States,People,2022,328239523
888,Alex Gonzaga Official,13100000,1401914513,People & Blogs,287,Philippines,People,2017,108116615
889,WiederDude,13100000,2733682792,nan,289,United States,Games,2016,328239523
891,Lokdhun Punjabi,13100000,4712624489,Music,1262,India,Music,2010,1366417754
893,Painzeiro,13100000,2555801802,People & Blogs,1077,Brazil,People,2015,212559417
894,Peppa Pig em Portuguï¿½ï¿½ï¿½ï¿½ï¿½ï¿½ï¿½ï¿½ï¿,13100000,4214172991,Film & Animation,1365,Brazil,Film,2014,212559417
895,ýýýýýýýýýýýýýýý Ms Yeah,13100000,4399833602,People & Blogs,435,United States,Howto,2017,328239523
896,Hungria Hip Hop,13100000,4608751851,Music,73,Brazil,Music,2013,212559417
897,RaptorGamer,13100000,2879263916,People & Blogs,1444,Ecuador,Games,2016,17373662
898,RedeTV,13100000,5333569294,Entertainment,36760,Brazil,Entertainment,2011,212559417
899,twenty one pilots,13100000,5264039679,Music,194,United States,Music,2009,328239523
900,DJ Khaled,13100000,6637820731,Music,12,Samoa,Music,2006,202506
901,Davie504,13000000,2683297849,Entertainment,838,Italy,Entertainment,2011,60297396
902,Everson Zoio,13000000,1024467771,Comedy,625,Brazil,Entertainment,2009,212559417
903,Calon Sarjana,13000000,10664585,Entertainment,29,Indonesia,Entertainment,2016,270203917
904,Lofi Girl,13000000,1698279553,Music,409,France,Music,2015,67059887
906,GH'S,13000000,8739174649,Gaming,510,South Korea,Games,2020,51709098
907,JesseAndMike,13000000,9999238237,Entertainment,716,United States,Entertainment,2007,328239523
908,Wolfoo Channel,13000000,301547793,nan,22,Pakistan,People,2021,216565318
909,Susy Mouriz,13000000,6270909026,Entertainment,1299,Mexico,Entertainment,2017,126014024
910,7 Minutoz,13000000,4349562794,Music,521,Brazil,Music,2012,212559417
911,The LaBrant Fam,13000000,4637474071,Comedy,612,United States,People,2012,328239523
912,Pastor Antï¿½ï¿½ï¿½ï¿½ï,12900000,2112274210,People & Blogs,4712,Brazil,People,2013,212559417
913,Matheus Yurley,12900000,140022442,Entertainment,69,Brazil,Entertainment,2015,212559417
914,gymvirtual,12900000,2509752944,Sports,1572,Spain,Sports,2010,47076781
915,BIBOï¿½ï¿½ï¿½ï¿½ï,12900000,3178222797,Entertainment,193,South Korea,Entertainment,2016,51709098
916,Top Viral Talent,12900000,3643698504,Entertainment,1598,United States,Entertainment,2014,328239523
917,Akon,12900000,6300933122,Music,39,United States,Music,2005,328239523
918,AlArabiya ï¿½ï¿½ï¿½ï¿½ï¿,12900000,7520379951,People & Blogs,169304,United Arab Emirates,News,2006,9770529
920,EnriqueIglesiasVEVO,12900000,15446707595,Music,137,United States,Music,2009,328239523
921,ýýýýýýýý ýýýý ýýýýýýýýýýýýýý,12900000,5585085130,Shows,1255,Ukraine,Entertainment,2014,44385155
922,The Shiny Peanut,12900000,2848466522,Education,2337,Indonesia,Entertainment,2016,270203917
923,Talking Angela,12800000,3632438963,Entertainment,233,United Kingdom,Film,2014,66834405
924,Melon City Show - ï¿½ï¿½ï¿½ï¿½ï¿½ï¿½ï¿½ï¿½ï¿½ï¿½ï¿,12800000,5863456698,Comedy,1727,Iraq,Comedy,2016,39309783
925,Duo Tiempo De Sol,12800000,6662288136,Music,323,Spain,Education,2013,47076781
927,MrSuicideSheep,12800000,6970899521,Entertainment,3483,Canada,Entertainment,2010,36991981
928,Adam W,12800000,9502983550,Comedy,681,United States,Comedy,2015,328239523
929,Right to Shiksha,12800000,7876740921,Education,2044,India,Education,2020,1366417754
930,Beyoncï¿½ï¿½,12800000,14185611472,Music,168,United States,Music,2009,328239523
931,FACT FIRE KING,12700000,1159290255,nan,782,India,Games,2020,1366417754
933,Franco Escamilla,12700000,4266957149,Comedy,2483,Mexico,Comedy,2007,126014024
934,Adexe & Nau,12700000,4579773883,Music,594,Spain,Music,2013,47076781
935,Diana and Roma IND,12700000,5567832210,nan,534,United States,Entertainment,2019,328239523
937,Future,12700000,9927699419,Music,119,United States,Film,2020,328239523
938,YoungBoy Never Broke Again,12700000,13174393401,Entertainment,142,United States,Music,2015,328239523
939,Blossom,12700000,4733873025,Howto & Style,812,United States,Howto,2017,328239523
941,Piuzinho,12700000,1081285962,Gaming,504,Brazil,Games,2015,212559417
942,Heidi y Zidane,12700000,6001189018,nan,600,United States,People,2019,328239523
943,Go Ami Go!,12700000,1714955279,People & Blogs,252,Colombia,People,2015,50339443
944,Morgz,12600000,3303595310,Gaming,825,United Kingdom,Entertainment,2014,66834405
945,CaseyNeistat,12600000,3152402405,People & Blogs,1101,United States,People,2010,328239523
946,ýýýýýýýýýSULGI,12600000,3485373675,People & Blogs,683,South Korea,People,2012,51709098
947,NickiMinajAtVEVO,12600000,8831179714,Music,99,United States,Music,2010,328239523
948,Ellie Goulding,12600000,6969178081,Music,218,United Kingdom,Music,2007,66834405
949,colinfurze,12500000,1612094871,Entertainment,385,United Kingdom,Entertainment,2006,66834405
950,People Vs Food,12500000,1136534702,Entertainment,601,United States,Entertainment,2013,328239523
951,Wolfoo Family,12500000,161254021,nan,61,United States,Film,2019,328239523
953,Health Time,12500000,1002219689,Howto & Style,1810,India,People,2016,1366417754
954,Yair17,12500000,1402042328,Gaming,1109,Mexico,Games,2014,126014024
955,Little Baby Bum en Espaï¿½ï,12500000,6956320454,Education,1459,Spain,Education,2014,47076781
956,First We Feast,12500000,2983799729,Howto & Style,1076,United States,Entertainment,2014,328239523
957,Mï¿½ï¿½ï¿½ï¿½,12500000,3140883140,Travel & Events,766,Mexico,Entertainment,2015,126014024
958,Bebefinn - Nursery Rhymes & Kids Songs,12500000,4163639093,nan,322,United States,Entertainment,2022,328239523
960,Parafernalha,12500000,4625777945,Entertainment,1888,Brazil,Entertainment,2011,212559417
961,NDTV,12500000,4935793409,Entertainment,151136,India,News,2006,1366417754
962,elcarteldesantatv,12500000,7489455451,Music,377,Mexico,Entertainment,2008,126014024
963,Family Fitness,12500000,10384848759,Entertainment,1699,India,Entertainment,2017,1366417754
964,Zee Tamil,12500000,11552190002,Entertainment,102699,India,Entertainment,2008,1366417754
965,Flowers Comedy,12500000,11691081301,Entertainment,11907,India,Entertainment,2015,1366417754
966,Mundo Bita,12500000,16690788752,Music,253,Brazil,Music,2011,212559417
967,Wave Music Bhakti,12500000,5146004207,Music,19899,India,Music,2011,1366417754
969,CKM,12500000,4465772496,Comedy,117,India,Comedy,2018,1366417754
970,Quantum Tech HD,12500000,4340213066,Science & Technology,223,Pakistan,nan,2022,216565318
971,_vector_,12400000,7597013023,Comedy,398,United States,Comedy,2019,328239523
972,DEV Ke Facts,12400000,1971226335,nan,218,India,Education,2012,1366417754
974,LOUD,12400000,2394143260,Gaming,690,United States,Entertainment,2006,328239523
975,Gibby :),12400000,2862685032,People & Blogs,226,Mexico,People,2014,126014024
976,Gustavo Parï¿½ï¿½,12400000,2602614088,Comedy,9,Brazil,Comedy,2010,212559417
977,SAAIHALILINTAR,12400000,1113066203,Entertainment,409,Indonesia,Entertainment,2012,270203917
978,Timba Vk,12400000,2840137980,Gaming,1024,Spain,Games,2012,47076781
979,Heidi and Zidane HZHtube,12400000,4021409291,Entertainment,813,Canada,Entertainment,2015,36991981
980,DaniRep | +6 Vï¿½ï¿½ï¿½ï¿½ï¿½ï¿½ï¿½ï¿½ï¿½ï¿½ï,12400000,6933660906,Gaming,12419,Spain,Games,2012,47076781
981,Zee Kids,12400000,7683670251,Film & Animation,1212,India,Entertainment,2012,1366417754
982,Pari's Lifestyle,12400000,7741764747,People & Blogs,459,India,People,2018,1366417754
983,DisneyChannelUK,12400000,12607488647,Music,4422,United Kingdom,Entertainment,2007,66834405
984,MoniLina,12400000,16086808918,Comedy,0,United States,People,2016,328239523
985,bharatzkitchen HINDI,12400000,2315226648,Howto & Style,729,India,Howto,2016,1366417754
988,Avril Lavigne,12400000,6202090191,Music,205,United States,Music,2005,328239523
989,Caylus,12400000,4779139505,Education,1340,United States,Games,2016,328239523
990,Migos ATL,12400000,6993406259,Music,99,United States,Entertainment,2012,328239523
991,Natan por Aï¿,12300000,9029609749,Sports,1200,Brazil,Entertainment,2017,212559417
992,Free Fire India Official,12300000,1674409945,People & Blogs,1500,India,Games,2018,1366417754
993,Panda,12300000,2214684303,nan,2452,United Kingdom,Games,2006,66834405
994,RobTopGames,12300000,374123483,Gaming,39,Sweden,Games,2012,10285453
995,Make Joke Of,12300000,2129773714,Comedy,62,India,Comedy,2017,1366417754
