Game Name,Rating,#Reviews,Discount%,Price (€),Original Price (€),Release Date,Windows,Linux,MacOS,Fetched At
PEAK,7,"77,683",-38,4.64,7.49,"16 Jun, 2025",1,0,0,8/11/2025 0:00
Cyberpunk 2077,7,"772,574",-65,20.99,59.99,"9 Dec, 2020",1,0,1,8/11/2025 0:00
Rust,7,"1,038,433",-50,19.99,39.99,"8 Feb, 2018",1,0,1,8/11/2025 0:00
Microsoft Flight Simulator (2020) 40th Anniversary Edition,5,"63,905",-60,27.99,69.99,"17 Aug, 2020",1,0,0,8/11/2025 0:00
Sid Meier's Civilization VII,4,"34,643",-30,48.99,69.99,"10 Feb, 2025",1,1,1,8/11/2025 0:00
Age of Wonders 4,7,"13,871",-40,29.99,49.99,"2 May, 2023",1,0,0,8/11/2025 0:00
Abyssus,7,314,-15,21.24,24.99,"12 Aug, 2025",1,0,0,8/11/2025 0:00
Sea of Thieves: 2025 Edition,7,"309,796",-50,19.99,39.99,"3 Jun, 2020",1,0,0,8/11/2025 0:00
Hearts of Iron IV,7,"242,955",-70,14.99,49.99,"9 Apr, 2024",1,1,1,8/11/2025 0:00
Tiny Bookshop,8,"1,035",-10,17.99,19.99,"7 Aug, 2025",1,1,1,8/11/2025 0:00
Deadzone: Rogue,7,"5,713",-20,19.99,24.99,"11 Aug, 2025",1,0,0,8/11/2025 0:00
The Elder Scrolls® Online,7,"129,106",-75,4.99,19.99,"22 May, 2017",1,0,1,8/11/2025 0:00
Cyberpunk 2077: Phantom Liberty,7,"19,388",-30,20.99,29.99,"25 Sep, 2023",1,0,1,8/11/2025 0:00
Fallout 76,5,"67,334",-75,9.99,39.99,"14 Apr, 2020",1,0,0,8/11/2025 0:00
Stellaris,7,"129,484",-75,9.99,39.99,"9 May, 2016",1,1,1,8/11/2025 0:00
"Warhammer 40,000: Rogue Trader",7,"23,751",-50,24.99,49.99,"7 Dec, 2023",1,0,1,8/11/2025 0:00
Date Everything!,8,"4,086",-20,23.99,29.99,"17 Jun, 2025",1,0,0,8/11/2025 0:00
Europa Universalis IV,7,"90,996",-90,4.99,49.99,"13 Aug, 2013",1,1,1,8/11/2025 0:00
Disney Dreamlight Valley,7,"19,088",-30,27.99,39.99,"5 Dec, 2023",1,0,0,8/11/2025 0:00
The Witcher 3: Wild Hunt - Complete Edition,8,"787,763",-80,9.99,49.99,"30 Aug, 2016",1,0,0,8/11/2025 0:00
Stardew Valley,8,"784,685",-30,9.79,13.99,"26 Feb, 2016",1,1,1,8/11/2025 0:00
Street Fighter™ 6,7,"37,625",-25,29.99,39.99,"1 Jun, 2023",1,0,0,8/11/2025 0:00
Victoria 3,5,"35,817",-70,14.99,49.99,"25 Oct, 2022",1,1,1,8/11/2025 0:00
Resident Evil 4,8,"125,387",-50,19.99,39.99,"24 Jan, 2019",1,0,0,8/11/2025 0:00
Phasmophobia,8,"636,310",-25,14.62,19.5,"18 Sep, 2020",1,0,0,8/11/2025 0:00
Diablo® IV,5,"39,209",-55,22.49,49.99,"7 Oct, 2024",1,0,0,8/11/2025 0:00
Parcel Simulator,7,"1,117",-20,13.99,17.49,"20 Jun, 2025",1,0,0,8/11/2025 0:00
The Witcher 3: Wild Hunt,8,"772,465",-80,5.99,29.99,"18 May, 2015",1,0,0,8/11/2025 0:00
Echoes of the End,4,101,-10,35.99,39.99,"12 Aug, 2025",1,0,0,8/11/2025 0:00
Is This Seat Taken?,8,856,-10,8.77,9.75,"7 Aug, 2025",1,1,1,8/11/2025 0:00
Resident Evil Village,8,"85,930",-75,9.99,39.99,"7 May, 2021",1,0,0,8/11/2025 0:00
HITMAN World of Assassination,7,"43,059",-80,5.99,29.99,"20 Jan, 2022",1,0,0,8/11/2025 0:00
The Scouring,7,100,-10,22.05,24.5,"12 Aug, 2025",1,0,0,8/11/2025 0:00
Call of Duty®: Black Ops 6,4,"12,536",-45,43.99,79.99,"24 Oct, 2024",1,0,0,8/11/2025 0:00
NieR:Automata™,7,"106,210",-65,13.99,39.99,"17 Mar, 2017",1,0,0,8/11/2025 0:00
PowerWash Simulator,8,"46,881",-50,12.49,24.99,"14 Jul, 2022",1,0,0,8/11/2025 0:00
X4: Foundations,5,"20,474",-75,12.49,49.99,"30 Nov, 2018",1,1,0,8/11/2025 0:00
Devil May Cry 5,8,"103,981",-75,7.49,29.99,"7 Mar, 2019",1,0,0,8/11/2025 0:00
The Elder Scrolls V: Skyrim Special Edition,7,"193,924",-75,9.99,39.99,"27 Oct, 2016",1,0,0,8/11/2025 0:00
Resident Evil 7 Biohazard,8,"70,036",-60,7.99,19.99,"23 Jan, 2017",1,0,0,8/11/2025 0:00
DOOM: The Dark Ages,7,"17,845",-25,59.99,79.99,"14 May, 2025",1,0,0,8/11/2025 0:00
Devil May Cry HD Collection,7,"13,499",-67,9.89,29.99,"13 Mar, 2018",1,0,0,8/11/2025 0:00
Dune: Spice Wars,5,"10,815",-60,13.99,34.99,"14 Sep, 2023",1,0,0,8/11/2025 0:00
Call of Duty®: Black Ops III,7,"143,229",-67,19.79,59.99,"5 Nov, 2015",1,0,1,8/11/2025 0:00
Monster Hunter: World,7,"300,742",-67,9.89,29.99,"9 Aug, 2018",1,0,0,8/11/2025 0:00
The Elder Scrolls IV: Oblivion Remastered,5,"50,222",-20,43.99,54.99,"22 Apr, 2025",1,0,0,8/11/2025 0:00
Disco Elysium - The Final Cut,7,"104,505",-75,9.99,39.99,"15 Oct, 2019",1,0,1,8/11/2025 0:00
Pathfinder: Wrath of the Righteous - Enhanced Edition,7,"30,335",-65,6.99,19.99,"2 Sep, 2021",1,0,1,8/11/2025 0:00
DREDGE,8,"38,951",-50,13.49,26.99,"30 Mar, 2023",1,0,1,8/11/2025 0:00
Fallout 4,7,"264,763",-60,7.99,19.99,"9 Nov, 2015",1,0,0,8/11/2025 0:00
Sins of a Solar Empire II,7,"5,927",-30,32.19,45.99,"15 Aug, 2024",1,0,0,8/11/2025 0:00
Sid Meier’s Civilization® VI,7,"261,136",-90,5.99,59.99,"20 Oct, 2016",1,1,1,8/11/2025 0:00
Northgard,7,"51,735",-84,4.47,27.99,"7 Mar, 2018",1,1,1,8/11/2025 0:00
The Planet Crafter,8,"53,640",-40,14.39,23.99,"10 Apr, 2024",1,0,0,8/11/2025 0:00
Out and About,6,37,-10,15.74,17.49,"11 Aug, 2025",1,0,0,8/11/2025 0:00
Tiny Glade,8,"19,211",-20,11.83,14.79,"23 Sep, 2024",1,1,0,8/11/2025 0:00
Starfield,4,"109,329",-40,41.99,69.99,"5 Sep, 2023",1,0,0,8/11/2025 0:00
Dragon's Dogma 2,4,"71,246",-58,27.29,64.99,"21 Mar, 2024",1,0,0,8/11/2025 0:00
NieR Replicant™ ver.1.22474487139...,7,"19,640",-65,20.99,59.99,"23 Apr, 2021",1,0,0,8/11/2025 0:00
MakeRoom,7,176,-10,8.77,9.75,"7 Aug, 2025",1,0,0,8/11/2025 0:00
Monster Hunter Wilds,4,"165,280",-20,55.99,69.99,"27 Feb, 2025",1,0,0,8/11/2025 0:00
Phoenix Wright: Ace Attorney Trilogy,8,"30,896",-67,9.89,29.99,"9 Apr, 2019",1,0,0,8/11/2025 0:00
Against the Storm,8,"29,161",-50,14.99,29.99,"8 Dec, 2023",1,0,0,8/11/2025 0:00
DEATH STRANDING DIRECTOR'S CUT,7,"36,248",-50,19.99,39.99,"30 Mar, 2022",1,0,0,8/11/2025 0:00
PGA TOUR 2K25,4,"2,156",-33,46.89,69.99,"27 Feb, 2025",1,0,0,8/11/2025 0:00
Overcooked! 2,7,"54,475",-75,5.74,22.99,"7 Aug, 2018",1,1,1,8/11/2025 0:00
Fallout 4: Game of the Year Edition,7,"279,629",-60,15.99,39.99,"10 Nov, 2015",1,0,0,8/11/2025 0:00
Mortal Kombat 1,5,"25,575",-67,16.49,49.99,"19 Sep, 2023",1,0,0,8/11/2025 0:00
Devil May Cry 4 Special Edition,7,"14,351",-70,7.49,24.99,"23 Jun, 2015",1,0,0,8/11/2025 0:00
DOOM Eternal,7,"177,820",-75,9.99,39.99,"19 Mar, 2020",1,0,0,8/11/2025 0:00
Call of Duty®: Black Ops II,7,"21,588",-67,19.79,59.99,"12 Nov, 2012",1,0,0,8/11/2025 0:00
Foundation,7,"19,636",-30,23.79,33.99,"31 Jan, 2025",1,0,0,8/11/2025 0:00
End of Zoe,7,"1,063",-75,3.74,14.99,"11 Dec, 2017",1,0,0,8/11/2025 0:00
Passant: A Chess Roguelike,7,69,-10,10.61,11.79,"11 Aug, 2025",1,0,0,8/11/2025 0:00
Galactic Civilizations IV,5,"1,737",-50,18.24,36.49,"19 Oct, 2023",1,0,0,8/11/2025 0:00
Call of Duty®: Black Ops Cold War,7,"19,031",-67,19.79,59.99,"8 Mar, 2023",1,0,0,8/11/2025 0:00
Luma Island,7,"9,303",-30,13.99,19.99,"20 Nov, 2024",1,0,0,8/11/2025 0:00
The Stanley Parable: Ultra Deluxe,7,"29,962",-40,13.19,21.99,"27 Apr, 2022",1,1,1,8/11/2025 0:00
Wasteland 3,7,"16,347",-80,8.39,41.99,"27 Aug, 2020",1,1,1,8/11/2025 0:00
Party Animals,7,"48,269",-30,12.59,17.99,"20 Sep, 2023",1,0,0,8/11/2025 0:00
Pro Cycling Manager 25,5,258,-20,31.99,39.99,"5 Jun, 2025",1,0,0,8/11/2025 0:00
SpellForce: Conquest of Eo,7,"1,926",-67,9.89,29.99,"3 Feb, 2023",1,0,0,8/11/2025 0:00
Coral Island,7,"17,839",-33,20.09,29.99,"14 Nov, 2023",1,0,0,8/11/2025 0:00
Dominions 6 - Rise of the Pantokrator,7,"1,281",-35,28.59,43.99,"17 Jan, 2024",1,1,1,8/11/2025 0:00
MONSTER HUNTER RISE,7,"72,300",-75,9.99,39.99,"12 Jan, 2022",1,0,0,8/11/2025 0:00
Monster Hunter World: Iceborne,4,"17,582",-75,9.99,39.99,"9 Jan, 2020",1,0,0,8/11/2025 0:00
Haste,7,"7,310",-30,13.29,18.99,"1 Apr, 2025",1,1,1,8/11/2025 0:00
Resident Evil 3,7,"63,562",-75,9.99,39.99,"24 Jan, 2019",1,0,0,8/11/2025 0:00
Expansion - Hearts of Iron IV: Götterdämmerung,5,"1,581",-20,19.99,24.99,"14 Nov, 2024",1,1,1,8/11/2025 0:00
Call of Duty®: Modern Warfare®,5,"21,005",-67,19.79,59.99,"8 Mar, 2023",1,0,0,8/11/2025 0:00
Expansion - Hearts of Iron IV: Arms Against Tyranny,4,"1,869",-20,15.99,19.99,"10 Oct, 2023",1,1,1,8/11/2025 0:00
Spiritfarer®: Farewell Edition,8,"42,589",-85,4.34,28.99,"18 Aug, 2020",1,1,1,8/11/2025 0:00
Resident Evil 2,8,"122,245",-75,9.99,39.99,"24 Jan, 2019",1,0,0,8/11/2025 0:00
The Precinct,7,"5,409",-20,23.99,29.99,"13 May, 2025",1,0,0,8/11/2025 0:00
"Haiku, the Robot",7,"2,108",-80,3.79,18.99,"28 Apr, 2022",1,0,1,8/11/2025 0:00
Fast Food Simulator,7,"5,802",-30,10.35,14.79,"10 Dec, 2024",1,0,0,8/11/2025 0:00
Solasta: Crown of the Magister,7,"18,104",-70,8.99,29.99,"27 May, 2021",1,0,1,8/11/2025 0:00
Fallout: New Vegas,8,"185,139",-50,4.99,9.99,"21 Oct, 2010",1,0,0,8/11/2025 0:00
AI LIMIT,7,"16,922",-20,27.99,34.99,"27 Mar, 2025",1,0,0,8/11/2025 0:00
Wingspan,7,"8,754",-50,9.99,19.99,"17 Sep, 2020",1,0,1,8/11/2025 0:00
Castle Crashers - Painter Boss Paradise,7,686,-10,3.59,3.99,"6 Aug, 2025",1,0,1,8/11/2025 0:00
Vellum,7,983,-30,13.65,19.5,"2 May, 2025",1,0,0,8/11/2025 0:00
Indiana Jones and the Great Circle,7,"9,458",-20,55.99,69.99,"8 Dec, 2024",1,0,0,8/11/2025 0:00
Far Cry® 4,7,"57,726",-80,5.99,29.99,"17 Nov, 2014",1,0,0,8/11/2025 0:00
Deadzone: Rogue - Operative Pack,6,21,-20,9.99,12.49,"11 Aug, 2025",1,0,0,8/11/2025 0:00
Wolfenstein II: The New Colossus,7,"31,713",-85,4.49,29.99,"26 Oct, 2017",1,0,0,8/11/2025 0:00
ZEPHON,7,"1,309",-25,29.99,39.99,"8 Nov, 2024",1,1,0,8/11/2025 0:00
Citadelum,7,695,-30,17.49,24.99,"17 Oct, 2024",1,0,0,8/11/2025 0:00
The RPG,7,217,-10,13.31,14.79,"7 Aug, 2025",1,0,0,8/11/2025 0:00
OUTBRK,5,"1,987",-25,25.49,33.99,"28 Jun, 2024",1,0,0,8/11/2025 0:00
Gemporium: A Cute Mining Sim,7,272,-20,7.8,9.75,"7 Aug, 2025",1,0,0,8/11/2025 0:00
Escape Simulator,7,"15,054",-40,10.19,16.99,"19 Oct, 2021",1,0,1,8/11/2025 0:00
ONE PIECE: PIRATE WARRIORS 4,7,"15,996",-77,14.94,64.99,"26 Mar, 2020",1,0,0,8/11/2025 0:00
Monster Hunter Stories,7,728,-34,19.79,29.99,"13 Jun, 2024",1,0,0,8/11/2025 0:00
Heroes of Valor,7,769,-20,11.83,14.79,"12 Jun, 2025",1,0,0,8/11/2025 0:00
Terra Nil,7,"6,720",-60,9.99,24.99,"28 Mar, 2023",1,1,1,8/11/2025 0:00
Mortal Kombat 11,7,"80,737",-90,4.99,49.99,"23 Apr, 2019",1,0,0,8/11/2025 0:00
Strange Jigsaws,8,739,-10,4.49,4.99,"7 Aug, 2025",1,0,0,8/11/2025 0:00
Rise Of The White Sun - 白日升,7,610,-70,6.29,20.99,"21 Sep, 2023",1,1,1,8/11/2025 0:00
Nice Day for Fishing,7,"1,725",-20,15.99,19.99,"29 May, 2025",1,0,0,8/11/2025 0:00
WWE 2K25,4,"2,290",-50,29.99,59.99,"13 Mar, 2025",1,0,0,8/11/2025 0:00
Golf With Your Friends,7,"44,875",-70,4.49,14.99,"19 May, 2020",1,1,1,8/11/2025 0:00
SOMA,8,"40,454",-70,8.69,28.99,"21 Sep, 2015",1,1,1,8/11/2025 0:00
Victoria 3: Sphere of Influence,5,"1,131",-20,23.99,29.99,"24 Jun, 2024",1,1,1,8/11/2025 0:00
Apollo Justice: Ace Attorney Trilogy,7,"2,562",-50,24.99,49.99,"24 Jan, 2024",1,0,0,8/11/2025 0:00
This Grand Life 2,7,170,-20,13.99,17.49,"8 Aug, 2025",1,0,0,8/11/2025 0:00
Against the Storm - Nightwatchers,7,116,-10,13.49,14.99,"31 Jul, 2025",1,0,0,8/11/2025 0:00
Yield! Fall of Rome,5,138,-50,9.99,19.99,"11 Aug, 2025",1,0,1,8/11/2025 0:00
No Rest for the Wicked,5,"42,918",-30,27.99,39.99,"18 Apr, 2024",1,0,0,8/11/2025 0:00
IL-2 Sturmovik: Battle of Stalingrad,5,"7,979",-75,12.24,48.99,"22 Oct, 2014",1,0,0,8/11/2025 0:00
Ace Attorney Investigations Collection,8,"2,434",-25,29.99,39.99,"5 Sep, 2024",1,0,0,8/11/2025 0:00
Chained Echoes,7,"6,609",-50,12.49,24.99,"8 Dec, 2022",1,1,1,8/11/2025 0:00
The Elder Scrolls Online: 2025 Content Pass,4,90,-20,39.99,49.99,"10 Apr, 2025",1,0,1,8/11/2025 0:00
Expansion - Hearts of Iron IV: By Blood Alone,3,"2,897",-30,13.99,19.99,"27 Sep, 2022",1,1,1,8/11/2025 0:00
Expansion - Europa Universalis IV: Winds of Change,4,240,-20,15.99,19.99,"8 May, 2024",1,1,1,8/11/2025 0:00
Slime Rancher 2,7,"30,535",-34,18.8,28.49,"22 Sep, 2022",1,0,0,8/11/2025 0:00
Slime Rancher,8,"125,005",-75,4.74,18.99,"1 Aug, 2017",1,1,1,8/11/2025 0:00
The Plucky Squire,7,"2,097",-50,14.99,29.99,"17 Sep, 2024",1,0,0,8/11/2025 0:00
Granblue Fantasy: Relink,7,"36,206",-55,26.99,59.99,"31 Jan, 2024",1,0,0,8/11/2025 0:00
ContractVille,7,"3,677",-50,14.49,28.99,"26 May, 2025",1,0,0,8/11/2025 0:00
PlateUp!,7,"16,229",-70,5.85,19.5,"4 Aug, 2022",1,0,0,8/11/2025 0:00
Hell Let Loose,7,"91,638",-55,26.99,59.99,"27 Jul, 2021",1,0,0,8/11/2025 0:00
Monster Hunter Rise + Sunbreak,7,"76,958",-75,14.99,59.99,"29 Jun, 2022",1,0,0,8/11/2025 0:00
Stellaris: The Machine Age,5,792,-20,19.99,24.99,"7 May, 2024",1,1,1,8/11/2025 0:00
The Walking Dead: The Telltale Definitive Series,8,"24,325",-75,12.24,48.99,"29 Oct, 2020",1,0,0,8/11/2025 0:00
Resident Evil 5,7,"36,260",-75,4.99,19.99,"15 Sep, 2009",1,0,0,8/11/2025 0:00
Sid Meier's Civilization® V,8,"124,875",-75,7.49,29.99,"23 Sep, 2010",1,1,1,8/11/2025 0:00
DOOM,8,"145,528",-80,3.99,19.99,"12 May, 2016",1,0,0,8/11/2025 0:00
Content Warning,7,"60,126",-30,5.45,7.79,"1 Apr, 2024",1,0,0,8/11/2025 0:00
Double Dragon Gaiden: Rise Of The Dragons,7,887,-65,8.74,24.99,"27 Jul, 2023",1,0,0,8/11/2025 0:00
Wolfenstein: The New Order,7,"42,313",-75,4.99,19.99,"19 May, 2014",1,0,0,8/11/2025 0:00
Life is Strange: Double Exposure,4,"6,064",-50,24.99,49.99,"29 Oct, 2024",1,0,0,8/11/2025 0:00
Expansion - Hearts of Iron IV: No Step Back,4,"3,395",-30,13.99,19.99,"23 Nov, 2021",1,1,1,8/11/2025 0:00
Total Conflict: Resistance,5,"4,172",-25,21.74,28.99,"21 Apr, 2023",1,0,0,8/11/2025 0:00
The Thaumaturge,7,"3,030",-50,17.49,34.99,"4 Mar, 2024",1,0,0,8/11/2025 0:00
Street Fighter™ 6 - Year 2 Character Pass,4,143,-20,23.99,29.99,"7 Jun, 2024",1,0,0,8/11/2025 0:00
Orebound,5,538,-40,14.99,24.99,"24 Oct, 2024",1,0,0,8/11/2025 0:00
[NINJA GAIDEN: Master Collection] NINJA GAIDEN Σ2,5,"1,386",-50,19.99,39.99,"9 Jun, 2021",1,0,0,8/11/2025 0:00
Call of Duty®: WWII,5,"30,942",-60,39.99,99.99,"2 Nov, 2017",1,0,0,8/11/2025 0:00
Human Fall Flat,7,"165,704",-70,5.99,19.99,"22 Jul, 2016",1,0,1,8/11/2025 0:00
Trepang2,7,"12,027",-50,14.99,29.99,"21 Jun, 2023",1,0,0,8/11/2025 0:00
Call of Duty®: Modern Warfare® Remastered (2017),4,"11,922",-50,19.99,39.99,"27 Jul, 2017",1,0,0,8/11/2025 0:00
Cast n Chill,7,"2,595",-20,11.83,14.79,"16 Jun, 2025",1,0,1,8/11/2025 0:00
Predator: Hunting Grounds,5,"3,796",-75,4.87,19.5,"29 Apr, 2021",1,0,0,8/11/2025 0:00
"Warhammer 40,000: Rogue Trader - Deluxe Pack",5,71,-50,7.49,14.99,"7 Dec, 2023",1,0,1,8/11/2025 0:00
Expansion - Hearts of Iron IV: La Résistance,4,"2,108",-50,9.99,19.99,"25 Feb, 2020",1,1,1,8/11/2025 0:00
Age of Wonders: Planetfall,7,"4,622",-66,10.19,29.99,"6 Aug, 2019",1,0,1,8/11/2025 0:00
Rise of the Ronin,4,"4,373",-25,37.49,49.99,"10 Mar, 2025",1,0,0,8/11/2025 0:00
X4: Timelines,4,"1,787",-20,11.99,14.99,"20 Jun, 2024",1,1,0,8/11/2025 0:00
Resident Evil 0,7,"10,195",-75,4.99,19.99,"19 Jan, 2016",1,0,0,8/11/2025 0:00
Knights of Honor II: Sovereign,5,"4,386",-67,14.84,44.99,"6 Dec, 2022",1,0,0,8/11/2025 0:00
The Elder Scrolls V: Skyrim Anniversary Upgrade,4,"6,522",-50,9.99,19.99,"10 Nov, 2021",1,0,0,8/11/2025 0:00
Artis Impact,7,"1,009",-10,15.29,16.99,"7 Aug, 2025",1,0,0,8/11/2025 0:00
Back 4 Blood,4,"52,480",-90,5.99,59.99,"12 Oct, 2021",1,0,0,8/11/2025 0:00
Öoo,8,672,-20,7.8,9.75,"7 Aug, 2025",1,0,0,8/11/2025 0:00
FATAL FURY: City of the Wolves,7,"1,603",-40,35.99,59.99,"24 Apr, 2025",1,0,0,8/11/2025 0:00
Gatekeeper,7,"1,927",-35,9.74,14.99,"1 Aug, 2025",1,0,0,8/11/2025 0:00
Heroes of Science and Fiction,7,333,-50,12.49,24.99,"30 Sep, 2024",1,1,0,8/11/2025 0:00
Dune: Spice Wars - House Vernius of Ix,7,116,-40,7.79,12.99,"7 Mar, 2024",1,0,0,8/11/2025 0:00
The Texas Chain Saw Massacre,4,"18,152",-75,4.87,19.5,"18 Aug, 2023",1,0,0,8/11/2025 0:00
Super Mini Mart,7,79,-33,7.89,11.79,"15 Apr, 2025",1,0,0,8/11/2025 0:00
Resident Evil 6,5,"40,517",-75,4.99,19.99,"21 Mar, 2013",1,0,0,8/11/2025 0:00
Prototype 2,5,"9,661",-75,7.49,29.99,"26 Jul, 2012",1,0,0,8/11/2025 0:00
X4: Kingdom End,7,422,-50,7.49,14.99,"12 Apr, 2023",1,1,0,8/11/2025 0:00
The Planet Crafter - Planet Humble,5,753,-30,5.59,7.99,"9 Oct, 2024",1,0,0,8/11/2025 0:00
Offworld Trading Company,5,"3,529",-75,6.74,26.99,"28 Apr, 2016",1,0,1,8/11/2025 0:00
We Love Katamari REROLL+ Royal Reverie,8,"1,812",-75,7.49,29.99,"1 Jun, 2023",1,0,0,8/11/2025 0:00
Fate/hollow ataraxia REMASTERED,7,258,-10,26.09,28.99,"6 Aug, 2025",1,0,0,8/11/2025 0:00
Outlast,8,"94,185",-50,7.39,14.79,"4 Sep, 2013",1,1,1,8/11/2025 0:00
Worms W.M.D,7,"8,898",-80,5.99,29.99,"23 Aug, 2016",1,1,1,8/11/2025 0:00
Blasphemous,7,"44,605",-75,6.24,24.99,"10 Sep, 2019",1,1,1,8/11/2025 0:00
Resident Evil,7,"20,807",-75,4.99,19.99,"19 Jan, 2015",1,0,0,8/11/2025 0:00
"Warhammer 40,000: Gladius - Relics of War",7,"7,476",-90,4.08,40.86,"12 Jul, 2018",1,1,0,8/11/2025 0:00
Wolfenstein: Youngblood,4,"11,683",-75,4.99,19.99,"25 Jul, 2019",1,0,0,8/11/2025 0:00
Call of Duty: World at War,7,"43,607",-25,14.99,19.99,"18 Nov, 2008",1,0,0,8/11/2025 0:00
The Escapists 2,7,"25,329",-75,4.99,19.99,"21 Aug, 2017",1,1,1,8/11/2025 0:00
Call of Duty®: Modern Warfare® 3 (2011),7,"14,323",-50,19.99,39.99,"7 Nov, 2011",1,0,0,8/11/2025 0:00
Dread Delusion,7,"3,903",-45,9.23,16.79,"14 May, 2024",1,0,0,8/11/2025 0:00
Kebab Chefs! - Restaurant Simulator,7,"5,877",-30,12.24,17.49,"19 Jan, 2024",1,0,0,8/11/2025 0:00
Ultimate Chicken Horse,8,"37,649",-60,5.19,12.99,"4 Mar, 2016",1,1,1,8/11/2025 0:00
The Headliners,7,"5,599",-25,5.84,7.79,"30 Jan, 2025",1,0,0,8/11/2025 0:00
Sovereign Syndicate,7,377,-50,9.75,19.5,"15 Jan, 2024",1,0,0,8/11/2025 0:00
Wasteland 2: Director's Cut,7,"4,632",-80,4.99,24.99,"18 Sep, 2014",1,1,1,8/11/2025 0:00
Card Shop Simulator Multiplayer,7,672,-40,7.07,11.79,"17 Jun, 2025",1,0,0,8/11/2025 0:00
Dishonored®: Death of the Outsider™,7,"9,055",-80,5.99,29.99,"14 Sep, 2017",1,0,0,8/11/2025 0:00
Call of Duty®: Black Ops,7,"20,437",-50,19.99,39.99,"8 Nov, 2010",1,0,0,8/11/2025 0:00
Pathfinder: Kingmaker — Enhanced Plus Edition,5,"26,879",-85,2.99,19.99,"25 Sep, 2018",1,1,1,8/11/2025 0:00
Caves of Qud,8,"9,995",-15,24.64,28.99,"5 Dec, 2024",1,1,1,8/11/2025 0:00
Stellaris: Overlord,4,"1,226",-50,9.99,19.99,"12 May, 2022",1,1,1,8/11/2025 0:00
Moonstone Island,7,"3,348",-50,9.75,19.5,"20 Sep, 2023",1,1,1,8/11/2025 0:00
Heart of the Machine,7,"1,061",-35,19.49,29.99,"31 Jan, 2025",1,0,1,8/11/2025 0:00
Star Trek: Infinite,4,"2,893",-50,14.99,29.99,"12 Oct, 2023",1,0,1,8/11/2025 0:00
Hacknet,7,"16,203",-85,1.46,9.75,"12 Aug, 2015",1,1,1,8/11/2025 0:00
Totally Accurate Battle Simulator,8,"129,239",-66,6.45,18.99,"1 Apr, 2021",1,0,1,8/11/2025 0:00
X4: Cradle of Humanity,7,340,-60,5.99,14.99,"16 Mar, 2021",1,1,0,8/11/2025 0:00
Street Fighter V,5,"27,480",-50,9.99,19.99,"15 Feb, 2016",1,0,0,8/11/2025 0:00
Gloomhaven,7,"12,881",-65,12.24,34.99,"20 Oct, 2021",1,0,1,8/11/2025 0:00
Neva,7,"6,774",-30,13.99,19.99,"15 Oct, 2024",1,0,1,8/11/2025 0:00
Just Cause™ 3,7,"99,884",-85,2.99,19.99,"30 Nov, 2015",1,0,0,8/11/2025 0:00
Ghost Trick: Phantom Detective,8,"4,897",-50,14.99,29.99,"29 Jun, 2023",1,0,0,8/11/2025 0:00
For The King,7,"29,743",-80,3.99,19.99,"19 Apr, 2018",1,1,1,8/11/2025 0:00
Mouthwashing,8,"28,680",-30,8.95,12.79,"26 Sep, 2024",1,0,0,8/11/2025 0:00
Children of Morta,7,"16,695",-80,4.39,21.99,"3 Sep, 2019",1,1,1,8/11/2025 0:00
Zero Hour,5,"27,692",-80,1.95,9.75,"9 Sep, 2024",1,0,0,8/11/2025 0:00
Wolfenstein: The Old Blood,7,"16,023",-75,4.99,19.99,"4 May, 2015",1,0,0,8/11/2025 0:00
Dishonored 2,7,"40,439",-80,5.99,29.99,"11 Nov, 2016",1,0,0,8/11/2025 0:00
Airships: Conquer the Skies,8,"5,626",-60,9.8,24.5,"16 Aug, 2018",1,1,1,8/11/2025 0:00
Return to Monkey Island,7,"8,055",-70,7.35,24.5,"19 Sep, 2022",1,1,1,8/11/2025 0:00
The Elder Scrolls V: Skyrim VR,5,"8,588",-75,14.99,59.99,"2 Apr, 2018",1,0,0,8/11/2025 0:00
The Ranch of Rivershine,7,"1,558",-35,16.24,24.99,"23 May, 2025",1,0,0,8/11/2025 0:00
X4: Tides of Avarice,5,295,-60,5.99,14.99,"14 Mar, 2022",1,1,0,8/11/2025 0:00
Ale & Tale Tavern,7,"6,563",-52,8.6,17.8,"5 Sep, 2024",1,0,0,8/11/2025 0:00
The Ascent,5,"18,131",-75,7.49,29.99,"29 Jul, 2021",1,0,0,8/11/2025 0:00
Expansion - Hearts of Iron IV: Man the Guns,4,"1,824",-70,5.99,19.99,"28 Feb, 2019",1,1,1,8/11/2025 0:00
The Great Ace Attorney Chronicles,7,"4,586",-60,15.99,39.99,"26 Jul, 2021",1,0,0,8/11/2025 0:00
Sun Haven,7,"19,984",-50,12.25,24.5,"10 Mar, 2023",1,0,1,8/11/2025 0:00
Victoria II,7,"16,123",-75,4.99,19.99,"30 Aug, 2010",1,0,0,8/11/2025 0:00
Dishonored: Death of the Outsider - Deluxe Bundle,7,"49,494",-80,11.99,59.99,"14 Sep, 2017",1,0,0,8/11/2025 0:00
Age of History 3,7,"13,445",-40,5.99,9.99,"23 Oct, 2024",1,0,1,8/11/2025 0:00
Prey,7,"35,390",-80,5.99,29.99,"4 May, 2017",1,0,0,8/11/2025 0:00
Rust - Sunburn Pack,7,"1,873",-50,4.99,9.99,"9 Jul, 2020",1,0,1,8/11/2025 0:00
Intravenous 2,8,"2,913",-35,12.93,19.9,"15 Aug, 2024",1,0,0,8/11/2025 0:00
Roman Triumph: Survival City Builder,7,483,-25,18.74,24.99,"3 Apr, 2025",1,0,0,8/11/2025 0:00
Bus Flipper: Renovator Simulator,5,210,-25,9.59,12.79,"31 Jul, 2025",1,0,0,8/11/2025 0:00
Dark Envoy,5,666,-67,9.56,28.99,"24 Oct, 2023",1,0,0,8/11/2025 0:00
Expansion - Europa Universalis IV: Domination,4,562,-20,15.99,19.99,"18 Apr, 2023",1,1,1,8/11/2025 0:00
Victoria 3: Pivot of Empire,4,339,-20,7.99,9.99,"21 Nov, 2024",1,1,1,8/11/2025 0:00
Cat Quest III,7,"2,500",-50,9.99,19.99,"8 Aug, 2024",1,0,0,8/11/2025 0:00
Death's Door,7,"17,042",-75,4.87,19.5,"20 Jul, 2021",1,0,0,8/11/2025 0:00
Slay the Princess — The Pristine Cut,8,"23,979",-30,12.24,17.49,"23 Oct, 2023",1,1,1,8/11/2025 0:00
Call of Duty®: Infinite Warfare,4,"16,133",-67,19.79,59.99,"3 Nov, 2016",1,0,0,8/11/2025 0:00
Cooking Simulator VR,7,"1,328",-60,8.39,20.99,"29 Jul, 2021",1,0,0,8/11/2025 0:00
Cooking Simulator,7,"16,959",-70,5.03,16.79,"6 Jun, 2019",1,0,0,8/11/2025 0:00
The Witcher 2: Assassins of Kings Enhanced Edition,7,"77,352",-85,2.99,19.99,"16 Apr, 2012",1,1,1,8/11/2025 0:00
WITCH ON THE HOLY NIGHT,8,"5,254",-35,30.21,46.49,"14 Dec, 2023",1,0,0,8/11/2025 0:00
DOOM + DOOM II,8,"22,494",-60,3.99,9.99,"3 Aug, 2007",1,0,0,8/11/2025 0:00
Parkasaurus,7,"2,623",-75,5.24,20.99,"12 Aug, 2020",1,0,0,8/11/2025 0:00
Assassin's Creed® Revelations,7,"17,000",-70,4.49,14.99,"30 Nov, 2011",1,0,0,8/11/2025 0:00
Tower of Time,7,"2,144",-86,3.35,23.99,"12 Apr, 2018",1,1,0,8/11/2025 0:00
Wingspan: Asia Expansion,6,32,-10,10.79,11.99,"16 Jun, 2025",1,0,1,8/11/2025 0:00
Megaquarium,8,"3,090",-70,7.35,24.5,"13 Sep, 2018",1,1,1,8/11/2025 0:00
Tony Hawk's™ Pro Skater™ 1 + 2,7,"4,139",-60,17.99,44.99,"3 Oct, 2023",1,0,0,8/11/2025 0:00
Warnament,7,79,-25,9.59,12.79,"7 Aug, 2025",1,1,1,8/11/2025 0:00
Assassin’s Creed® Brotherhood,7,"22,069",-75,3.74,14.99,"17 Mar, 2011",1,0,0,8/11/2025 0:00
Immersion Pack - Europa Universalis IV: King of Kings,5,210,-20,11.99,14.99,"6 Nov, 2023",1,1,1,8/11/2025 0:00
Call of Duty®: Advanced Warfare - Gold Edition,4,"10,665",-67,19.79,59.99,"2 Nov, 2014",1,0,0,8/11/2025 0:00
Hitman: Absolution™,7,"43,743",-90,1.99,19.99,"19 Nov, 2012",1,0,0,8/11/2025 0:00
ZERO Sievert,7,"12,676",-30,13.99,19.99,"23 Oct, 2024",1,0,0,8/11/2025 0:00
Amnesia: The Bunker,7,"8,145",-65,8.57,24.5,"6 Jun, 2023",1,0,0,8/11/2025 0:00
Immersion Pack - Europa Universalis IV: Lions of the North,7,378,-35,9.74,14.99,"13 Sep, 2022",1,1,1,8/11/2025 0:00
Crow Country,8,"5,418",-40,11.7,19.5,"9 May, 2024",1,0,0,8/11/2025 0:00
Stellaris: Grand Archive,4,248,-20,11.99,14.99,"29 Oct, 2024",1,1,1,8/11/2025 0:00
Rust - Voice Props Pack,7,"1,750",-50,6.49,12.99,"1 Jul, 2021",1,0,1,8/11/2025 0:00
Fallout 4 VR,4,"5,328",-67,19.79,59.99,"11 Dec, 2017",1,0,0,8/11/2025 0:00
Fallout 3: Game of the Year Edition,7,"40,011",-67,6.59,19.99,"17 Dec, 2009",1,0,0,8/11/2025 0:00
Rusty's Retirement,8,"12,480",-33,4.68,6.99,"26 Apr, 2024",1,0,1,8/11/2025 0:00
Moonlighter,7,"15,825",-90,1.99,19.99,"29 May, 2018",1,1,1,8/11/2025 0:00
The Jackbox Party Pack 3,8,"4,901",-40,14.99,24.99,"17 Oct, 2016",1,1,1,8/11/2025 0:00
The Battle of Polytopia,7,"4,128",-60,4.99,12.49,"4 Aug, 2020",1,1,1,8/11/2025 0:00
Weird West: Definitive Edition,5,"3,605",-85,5.99,39.99,"31 Mar, 2022",1,0,0,8/11/2025 0:00
Rift of the NecroDancer,7,"3,584",-25,14.62,19.5,"5 Feb, 2025",1,0,0,8/11/2025 0:00
GRIS,8,"76,816",-80,2.95,14.79,"13 Dec, 2018",1,0,1,8/11/2025 0:00
Dishonored,8,"62,980",-75,2.49,9.99,"11 Oct, 2012",1,0,0,8/11/2025 0:00
Against the Storm - Keepers of the Stone,7,360,-35,9.74,14.99,"26 Sep, 2024",1,0,0,8/11/2025 0:00
ROUNDS,8,"30,429",-50,2.74,5.49,"1 Apr, 2021",1,0,0,8/11/2025 0:00
X4: Split Vendetta,7,251,-70,4.49,14.99,"31 Mar, 2020",1,1,0,8/11/2025 0:00
Call of Duty®: Ghosts,4,"12,035",-67,19.79,59.99,"25 Mar, 2014",1,0,0,8/11/2025 0:00
Stellaris: Apocalypse,4,"1,466",-50,9.99,19.99,"22 Feb, 2018",1,1,1,8/11/2025 0:00
Cultist Simulator,7,"9,500",-60,7.99,19.99,"31 May, 2018",1,1,1,8/11/2025 0:00
Cosmoteer: Starship Architect & Commander,7,"10,817",-30,13.29,18.99,"24 Oct, 2022",1,0,0,8/11/2025 0:00
Nioh 2 – The Complete Edition,7,"31,449",-55,26.99,59.99,"5 Feb, 2021",1,0,0,8/11/2025 0:00
Call of Duty®: Vanguard,4,"3,407",-60,23.99,59.99,"8 Mar, 2023",1,0,0,8/11/2025 0:00
Starfield - Shattered Space,3,"3,466",-20,23.99,29.99,"30 Sep, 2024",1,0,0,8/11/2025 0:00
Ancient Cities,4,"1,746",-50,14.99,29.99,"24 Mar, 2023",1,0,0,8/11/2025 0:00
Moving Out 2,5,281,-60,11.99,29.99,"15 Aug, 2023",1,0,0,8/11/2025 0:00
Country Pack - Hearts of Iron IV: Trial of Allegiance,3,"2,216",-20,11.99,14.99,"7 Mar, 2024",1,1,1,8/11/2025 0:00
Resident Evil Village - Winters’ Expansion,4,"2,356",-50,9.99,19.99,"27 Oct, 2022",1,0,0,8/11/2025 0:00
Stick Fight: The Game,7,"98,296",-60,1.9,4.75,"28 Sep, 2017",1,0,1,8/11/2025 0:00
Bloomtown: A Different Story,7,980,-50,12.49,24.99,"24 Sep, 2024",1,0,0,8/11/2025 0:00
Static Dread: The Lighthouse,7,323,-25,9.59,12.79,"6 Aug, 2025",1,0,0,8/11/2025 0:00
Crash Bandicoot™ N. Sane Trilogy,7,"14,530",-60,15.99,39.99,"29 Jun, 2018",1,0,0,8/11/2025 0:00
Stellaris: Federations,5,951,-50,9.99,19.99,"17 Mar, 2020",1,1,1,8/11/2025 0:00
Deliver At All Costs,5,188,-20,23.99,29.99,"22 May, 2025",1,0,0,8/11/2025 0:00
Resident Evil 4 (2005),7,"67,134",-75,4.99,19.99,"27 Feb, 2014",1,0,0,8/11/2025 0:00
Blasphemous 2,7,"11,546",-40,22.79,37.99,"24 Aug, 2023",1,0,0,8/11/2025 0:00
Sleeping Dogs: Definitive Edition,7,"62,000",-85,2.99,19.99,"8 Oct, 2014",1,0,1,8/11/2025 0:00
Blood Bowl 3,4,"3,476",-60,11.99,29.99,"23 Feb, 2023",1,0,0,8/11/2025 0:00
Time Flies,7,103,-10,12.59,13.99,"31 Jul, 2025",1,0,1,8/11/2025 0:00
Stellaris: Utopia,5,"1,291",-50,9.99,19.99,"6 Apr, 2017",1,1,1,8/11/2025 0:00
DOOM 3,7,"8,327",-60,3.99,9.99,"18 Oct, 2012",1,0,0,8/11/2025 0:00
Citizen Sleeper 2: Starward Vector,7,"1,364",-25,18.37,24.5,"31 Jan, 2025",1,0,1,8/11/2025 0:00
THE HOUSE OF THE DEAD: Remake,4,"2,217",-90,2.49,24.99,"28 Apr, 2022",1,0,0,8/11/2025 0:00
Scythe: Digital Edition,7,"3,026",-70,5.99,19.99,"5 Sep, 2018",1,0,1,8/11/2025 0:00
Stellaris: Galactic Paragons,4,920,-50,7.49,14.99,"9 May, 2023",1,1,1,8/11/2025 0:00
Call of Duty®: Modern Warfare® 2 (2009),7,"33,682",-25,14.99,19.99,"11 Nov, 2009",1,0,1,8/11/2025 0:00
Spirit of the North,7,"4,747",-75,4.19,16.79,"7 May, 2020",1,0,0,8/11/2025 0:00
Cauldron,7,941,-20,11.99,14.99,"21 May, 2025",1,0,0,8/11/2025 0:00
Resident Evil Revelations,7,"9,631",-75,4.99,19.99,"23 May, 2013",1,0,0,8/11/2025 0:00
DmC: Devil May Cry,7,"19,001",-75,7.49,29.99,"24 Jan, 2013",1,0,0,8/11/2025 0:00
Battletoads,4,"1,994",-85,2.99,19.99,"20 Aug, 2020",1,0,0,8/11/2025 0:00
Call of Duty® 4: Modern Warfare® (2007),7,"20,482",-50,9.99,19.99,"12 Nov, 2007",1,0,1,8/11/2025 0:00
Sid Meier’s Civilization® VI: Rise and Fall,4,"2,279",-50,14.99,29.99,"7 Feb, 2018",1,1,1,8/11/2025 0:00
Drova - Forsaken Kin,8,"7,165",-25,18.74,24.99,"15 Oct, 2024",1,1,1,8/11/2025 0:00
Becastled,7,"4,622",-33,10.04,14.99,"8 Feb, 2021",1,0,0,8/11/2025 0:00
Call of Duty: United Offensive,7,"2,043",-25,14.99,19.99,"7 Dec, 2006",1,0,0,8/11/2025 0:00
Monster Hunter Rise: Sunbreak,4,"4,657",-75,9.99,39.99,"29 Jun, 2022",1,0,0,8/11/2025 0:00
Torment: Tides of Numenera,5,"1,981",-75,7.49,29.99,"27 Feb, 2017",1,1,1,8/11/2025 0:00
Fallout 76: Atomic Angler Bundle,4,46,-40,17.99,29.99,"3 Jun, 2025",1,0,0,8/11/2025 0:00
Monster Hunter World: Iceborne Deluxe Kit,7,171,-35,9.74,14.99,"9 Jan, 2020",1,0,0,8/11/2025 0:00
The Evil Within 2,7,"18,539",-80,5.99,29.99,"12 Oct, 2017",1,0,0,8/11/2025 0:00
Fallen City Brawl,4,13,-10,13.49,14.99,"12 Aug, 2025",1,0,0,8/11/2025 0:00
Ion Fury,7,"5,467",-60,9.99,24.99,"15 Aug, 2019",1,1,0,8/11/2025 0:00
Mortal Kombat X,7,"36,594",-80,3.99,19.99,"13 Apr, 2015",1,0,0,8/11/2025 0:00
Golf It!,7,"23,370",-56,3.95,8.99,"18 Aug, 2023",1,0,1,8/11/2025 0:00
ABZU,7,"21,001",-75,4.99,19.99,"2 Aug, 2016",1,0,0,8/11/2025 0:00
Rayman® Legends,7,"9,620",-80,3.99,19.99,"29 Aug, 2013",1,0,0,8/11/2025 0:00
PowerWash Simulator – Wallace & Gromit Special Pack,7,92,-25,5.99,7.99,"4 Mar, 2025",1,0,0,8/11/2025 0:00
OneShot,8,"51,070",-40,5.85,9.75,"8 Dec, 2016",1,1,1,8/11/2025 0:00
Tinkerlands,7,"2,273",-25,9.74,12.99,"23 May, 2025",1,0,0,8/11/2025 0:00
Crash Bandicoot™ 4: It’s About Time,7,"3,246",-50,19.99,39.99,"18 Oct, 2022",1,0,0,8/11/2025 0:00
Die in the Dungeon,7,"1,926",-25,9.74,12.99,"21 Feb, 2025",1,0,1,8/11/2025 0:00
Ara: History Untold,4,"1,799",-50,29.99,59.99,"24 Sep, 2024",1,0,0,8/11/2025 0:00
Fischer's Fishing Journey,7,238,-10,7.01,7.79,"7 Aug, 2025",1,0,0,8/11/2025 0:00
Crypt Custodian,8,"1,969",-30,13.65,19.5,"27 Aug, 2024",1,0,0,8/11/2025 0:00
Country Pack - Hearts of Iron IV: Battle for the Bosporus,4,"2,745",-50,4.99,9.99,"15 Oct, 2020",1,1,1,8/11/2025 0:00
Netherworld Covenant,7,255,-10,15.74,17.49,"18 Jun, 2025",1,0,1,8/11/2025 0:00
RESIDENT EVIL 2 / BIOHAZARD RE:2 Deluxe Edition,8,"125,428",-75,12.49,49.99,"24 Jan, 2019",1,0,0,8/11/2025 0:00
Sid Meier's Civilization®: Beyond Earth™,4,"13,731",-75,9.99,39.99,"23 Oct, 2014",1,1,1,8/11/2025 0:00
Stellaris: First Contact Story Pack,4,489,-50,7.49,14.99,"14 Mar, 2023",1,1,1,8/11/2025 0:00
Wizard with a Gun,7,"2,610",-70,7.35,24.5,"17 Oct, 2023",1,0,0,8/11/2025 0:00
Stellaris: Astral Planes,3,"1,048",-50,9.99,19.99,"16 Nov, 2023",1,1,1,8/11/2025 0:00
Disciples: Liberation,5,"2,468",-65,13.99,39.99,"21 Oct, 2021",1,0,0,8/11/2025 0:00
Resident Evil Deluxe Origins Bundle / Biohazard Deluxe Origins Bundle,7,"31,201",-75,9.99,39.99,"19 Jan, 2016",1,0,0,8/11/2025 0:00
Soulmask,7,"13,001",-30,20.99,29.99,"30 May, 2024",1,0,0,8/11/2025 0:00
Okami HD,7,"7,651",-50,9.99,19.99,"12 Dec, 2017",1,0,0,8/11/2025 0:00
Expansion - Europa Universalis IV: Emperor,4,794,-35,12.99,19.99,"9 Jun, 2020",1,1,1,8/11/2025 0:00
MARVEL vs. CAPCOM Fighting Collection: Arcade Classics,7,"1,719",-40,29.99,49.99,"11 Sep, 2024",1,0,0,8/11/2025 0:00
Cat Quest II,8,"5,304",-75,3.74,14.99,"24 Sep, 2019",1,0,0,8/11/2025 0:00
Spyro™ Reignited Trilogy,7,"12,848",-65,13.99,39.99,"3 Sep, 2019",1,0,0,8/11/2025 0:00
Ghostwire: Tokyo,7,"11,093",-75,14.99,59.99,"24 Mar, 2022",1,0,0,8/11/2025 0:00
Victoria 3: Colossus of the South,5,350,-20,4.79,5.99,"14 Nov, 2023",1,1,1,8/11/2025 0:00
Katamari Damacy REROLL,7,"4,572",-75,4.99,19.99,"6 Dec, 2018",1,0,0,8/11/2025 0:00
Chained Echoes: Ashes of Elrant,6,38,-10,8.99,9.99,"7 Aug, 2025",1,1,1,8/11/2025 0:00
Minutescape,5,340,-30,4.12,5.89,"15 Apr, 2025",1,1,1,8/11/2025 0:00
Ship of Fools,7,"4,408",-60,8.79,21.99,"22 Nov, 2022",1,0,0,8/11/2025 0:00
BOKURA,7,"8,911",-70,1.61,5.39,"9 Aug, 2023",1,0,1,8/11/2025 0:00
Zoria: Age of Shattering,5,453,-50,12.25,24.5,"7 Mar, 2024",1,1,0,8/11/2025 0:00
Victoria 3: Voice of the People,3,"1,013",-40,8.99,14.99,"22 May, 2023",1,1,1,8/11/2025 0:00
Lynked: Banner of the Spark,7,312,-30,16.09,22.99,"22 May, 2025",1,0,0,8/11/2025 0:00
Merge Maestro,7,152,-20,2.39,2.99,"19 Jun, 2025",1,0,1,8/11/2025 0:00
除灵事务所,6,13,-10,11.51,12.79,"12 Aug, 2025",1,0,0,8/11/2025 0:00
Wingspan: Oceania Expansion,7,82,-20,9.59,11.99,"12 Dec, 2023",1,0,1,8/11/2025 0:00
Jump King,7,"11,474",-66,4.41,12.99,"3 May, 2019",1,0,0,8/11/2025 0:00
PowerWash Simulator – Shrek Special Pack,5,149,-25,5.99,7.99,"10 Oct, 2024",1,0,0,8/11/2025 0:00
Wylde Flowers,8,"1,993",-25,15.74,20.99,"20 Sep, 2022",1,0,0,8/11/2025 0:00
The Dungeon Of Naheulbeuk: The Amulet Of Chaos,7,"6,503",-80,6.99,34.99,"17 Sep, 2020",1,0,1,8/11/2025 0:00
NINJA GAIDEN: Master Collection,5,"4,739",-50,19.99,39.99,"9 Jun, 2021",1,0,0,8/11/2025 0:00
Assassin's Creed™: Director's Cut Edition,7,"20,971",-75,2.49,9.99,"9 Apr, 2008",1,0,0,8/11/2025 0:00
PEAK,7,89444,-38,4.95,7.99,16-Jun-25,1,0,0,8/18/2025 12:52
"Warhammer 40,000: Dawn of War - Definitive Edition",5,3742,-10,26.99,29.99,14-Aug-25,1,0,0,8/18/2025 12:52
Subnautica,8,289041,-75,7.49,29.99,23-Jan-18,1,0,1,8/18/2025 12:52
Abyssus,7,1217,-15,21.24,24.99,12-Aug-25,1,0,0,8/18/2025 12:52
Grand Theft Auto V Enhanced,5,74181,-50,14.99,29.99,4-Mar-25,1,0,0,8/18/2025 12:52
FINAL FANTASY XIV Online,7,74030,-40,11.99,19.99,18-Feb-14,1,0,0,8/18/2025 12:52
Stellaris,7,129618,-75,9.99,39.99,9-May-16,1,1,1,8/18/2025 12:52
Age of Wonders 4,7,13960,-40,29.99,49.99,2-May-23,1,0,0,8/18/2025 12:52
Deadzone: Rogue,7,6590,-20,19.99,24.99,11-Aug-25,1,0,0,8/18/2025 12:52
Hearts of Iron IV,7,243382,-70,14.99,49.99,9-Apr-24,1,1,1,8/18/2025 12:52
Sea of Thieves: 2025 Edition,7,310072,-50,19.99,39.99,3-Jun-20,1,0,0,8/18/2025 12:52
"Warhammer 40,000: Rogue Trader",7,23909,-50,24.99,49.99,7-Dec-23,1,0,1,8/18/2025 12:52
Tiny Bookshop,8,1571,-10,17.99,19.99,7-Aug-25,1,1,1,8/18/2025 12:52
Street Fighter™ 6,7,37845,-25,29.99,39.99,1-Jun-23,1,0,0,8/18/2025 12:52
Subnautica: Below Zero,7,89880,-75,7.49,29.99,13-May-21,1,0,1,8/18/2025 12:52
Resident Evil 4,8,125840,-50,19.99,39.99,24-Jan-19,1,0,0,8/18/2025 12:52
Sid Meier's Civilization VII,4,34860,-30,48.99,69.99,10-Feb-25,1,1,1,8/18/2025 12:52
Drive Beyond Horizons,5,9228,-40,14.99,24.99,24-Mar-25,1,0,0,8/18/2025 12:52
Far Cry® 6,5,26485,-80,11.99,59.99,11-May-23,1,0,0,8/18/2025 12:52
Date Everything!,8,4177,-20,23.99,29.99,17-Jun-25,1,0,0,8/18/2025 12:52
Victoria 3,5,35923,-70,14.99,49.99,25-Oct-22,1,1,1,8/18/2025 12:52
Resident Evil Village,8,86198,-75,9.99,39.99,7-May-21,1,0,0,8/18/2025 12:52
S.T.A.L.K.E.R. 2: Heart of Chornobyl,7,89130,-30,41.99,59.99,20-Nov-24,1,0,0,8/18/2025 12:52
Resident Evil 7 Biohazard,8,70236,-60,7.99,19.99,23-Jan-17,1,0,0,8/18/2025 12:52
Sid Meier’s Civilization® VI,7,261533,-90,5.99,59.99,20-Oct-16,1,1,1,8/18/2025 12:52
OFF,7,654,-15,12.74,14.99,15-Aug-25,1,0,0,8/18/2025 12:52
Coral Island,7,17988,-33,20.09,29.99,14-Nov-23,1,0,0,8/18/2025 12:52
X4: Foundations,5,20590,-75,12.49,49.99,30-Nov-18,1,1,0,8/18/2025 12:52
BLACK SOULS,8,1241,-10,12.59,13.99,15-Aug-25,1,0,0,8/18/2025 12:52
PGA TOUR 2K25,4,2180,-33,46.89,69.99,27-Feb-25,1,0,0,8/18/2025 12:52
Monster Hunter Wilds,4,166638,-20,55.99,69.99,27-Feb-25,1,0,0,8/18/2025 12:52
Europa Universalis IV,7,91071,-90,4.99,49.99,13-Aug-13,1,1,1,8/18/2025 12:52
PowerWash Simulator,8,46979,-50,12.49,24.99,14-Jul-22,1,0,0,8/18/2025 12:52
DEATH STRANDING DIRECTOR'S CUT,7,36544,-50,19.99,39.99,30-Mar-22,1,0,0,8/18/2025 12:52
Microsoft Flight Simulator (2020) 40th Anniversary Edition,5,64143,-60,23.99,59.99,17-Aug-20,1,0,0,8/18/2025 12:52
Disney Dreamlight Valley,7,19124,-30,27.99,39.99,5-Dec-23,1,0,0,8/18/2025 12:52
Soulstone Survivors,7,22797,-40,8.99,14.99,17-Jun-25,1,1,1,8/18/2025 12:52
Is This Seat Taken?,8,1322,-10,8.99,9.99,7-Aug-25,1,1,1,8/18/2025 12:52
The Lord of the Rings: Return to Moria™,7,7594,-45,13.74,24.99,27-Aug-24,1,0,0,8/18/2025 12:52
End of Zoe,7,1068,-75,3.74,14.99,11-Dec-17,1,0,0,8/18/2025 12:52
The Planet Crafter,8,53835,-40,14.39,23.99,10-Apr-24,1,0,0,8/18/2025 12:52
Supraworld,7,396,-15,25.49,29.99,15-Aug-25,1,0,0,8/18/2025 12:52
Monster Hunter: World,7,300956,-67,9.89,29.99,9-Aug-18,1,0,0,8/18/2025 12:52
DREDGE,8,39037,-50,13.49,26.99,30-Mar-23,1,0,1,8/18/2025 12:52
Dragon's Dogma 2,4,71349,-58,29.39,69.99,21-Mar-24,1,0,0,8/18/2025 12:52
Granblue Fantasy: Relink,7,36253,-55,26.99,59.99,31-Jan-24,1,0,0,8/18/2025 12:52
Planetary Life,7,74,-17,9.95,11.99,15-Aug-25,1,0,0,8/18/2025 12:52
Metro Exodus,7,106572,-80,5.99,29.99,14-Feb-20,1,1,1,8/18/2025 12:52
"Warhammer 40,000: Gladius - Relics of War",7,7492,-90,3.99,39.99,12-Jul-18,1,1,0,8/18/2025 12:52
Intravenous 2,8,2945,-35,12.99,19.99,15-Aug-24,1,0,0,8/18/2025 12:52
Inkshade,7,178,-10,17.99,19.99,14-Aug-25,1,0,0,8/18/2025 12:52
Devil May Cry 5,8,104264,-75,7.49,29.99,7-Mar-19,1,0,0,8/18/2025 12:52
Hell Let Loose,7,91716,-55,26.99,59.99,27-Jul-21,1,0,0,8/18/2025 12:52
Dice Gambit,7,310,-15,21.24,24.99,14-Aug-25,1,0,0,8/18/2025 12:52
Pathfinder: Wrath of the Righteous - Enhanced Edition,7,30395,-65,6.99,19.99,2-Sep-21,1,0,1,8/18/2025 12:52
Disco Elysium - The Final Cut,7,104713,-75,9.99,39.99,15-Oct-19,1,0,1,8/18/2025 12:52
Smushi Come Home,8,1704,-50,9.99,19.99,10-Jun-23,1,0,1,8/18/2025 12:52
Northgard,7,51913,-84,4.79,29.99,7-Mar-18,1,1,1,8/18/2025 12:52
Tony Hawk's™ Pro Skater™ 3 + 4,5,1046,-25,37.49,49.99,10-Jul-25,1,0,0,8/18/2025 12:52
Beyond Citadel,8,2458,-20,11.99,14.99,2-Jan-25,1,0,0,8/18/2025 12:52
Overcooked! 2,7,54602,-75,6.24,24.99,7-Aug-18,1,1,1,8/18/2025 12:52
MONSTER HUNTER RISE,7,72412,-75,9.99,39.99,12-Jan-22,1,0,0,8/18/2025 12:52
Solasta: Crown of the Magister,7,18131,-70,8.99,29.99,27-May-21,1,0,1,8/18/2025 12:52
Escape Simulator,7,15083,-40,11.99,19.99,19-Oct-21,1,0,1,8/18/2025 12:52
Cast n Chill,7,2684,-20,11.99,14.99,16-Jun-25,1,0,1,8/18/2025 12:52
Six Days in Fallujah,7,11946,-25,29.99,39.99,22-Jun-23,1,0,0,8/18/2025 12:52
Fast Food Simulator,7,5849,-30,10.49,14.99,10-Dec-24,1,0,0,8/18/2025 12:52
Out and About,7,86,-10,16.19,17.99,11-Aug-25,1,0,0,8/18/2025 12:52
SIGNALIS,8,24599,-30,13.99,19.99,27-Oct-22,1,0,0,8/18/2025 12:52
Resident Evil 2,8,122495,-75,9.99,39.99,24-Jan-19,1,0,0,8/18/2025 12:52
Intravenous,7,2550,-80,3.99,19.99,26-Jul-21,1,0,0,8/18/2025 12:52
Golf With Your Friends,7,44906,-70,4.49,14.99,19-May-20,1,1,1,8/18/2025 12:52
Celeste,8,112204,-75,4.99,19.99,25-Jan-18,1,1,1,8/18/2025 12:52
Unpacking,7,31146,-50,9.99,19.99,1-Nov-21,1,1,1,8/18/2025 12:52
Resident Evil 3,7,63695,-75,9.99,39.99,24-Jan-19,1,0,0,8/18/2025 12:52
Deadzone: Rogue - Operative Pack,6,34,-20,9.99,12.49,11-Aug-25,1,0,0,8/18/2025 12:52
AI LIMIT,7,17254,-20,27.99,34.99,27-Mar-25,1,0,0,8/18/2025 12:52
FINAL FANTASY XIV: Dawntrail,4,4884,-40,23.99,39.99,2-Jul-24,1,0,0,8/18/2025 12:52
Monster Hunter World: Iceborne,4,17589,-75,9.99,39.99,9-Jan-20,1,0,0,8/18/2025 12:52
Devil May Cry HD Collection,7,13551,-67,9.89,29.99,13-Mar-18,1,0,0,8/18/2025 12:52
Stellaris: The Machine Age,5,793,-20,19.99,24.99,7-May-24,1,1,1,8/18/2025 12:52
Waltz of the Wizard,7,679,-40,11.99,19.99,10-Jul-19,1,0,0,8/18/2025 12:52
Foundation,7,19682,-30,24.49,34.99,31-Jan-25,1,0,0,8/18/2025 12:52
Expansion - Hearts of Iron IV: Götterdämmerung,5,1585,-20,19.99,24.99,14-Nov-24,1,1,1,8/18/2025 12:52
Sins of a Solar Empire II,7,5962,-30,34.99,49.99,15-Aug-24,1,0,0,8/18/2025 12:52
Resident Evil 5,7,36344,-75,4.99,19.99,15-Sep-09,1,0,0,8/18/2025 12:52
Wasteland 3,7,16365,-75,9.99,39.99,27-Aug-20,1,1,1,8/18/2025 12:52
Haven,7,4394,-70,7.49,24.99,3-Dec-20,1,0,0,8/18/2025 12:52
Phoenix Wright: Ace Attorney Trilogy,8,30984,-67,9.89,29.99,9-Apr-19,1,0,0,8/18/2025 12:52
Farewell North,7,418,-50,11.99,23.99,16-Aug-24,1,0,1,8/18/2025 12:52
ONE PIECE: PIRATE WARRIORS 4,7,16027,-77,14.94,64.99,26-Mar-20,1,0,0,8/18/2025 12:52
The Dark Queen of Mortholme,5,646,-20,4.79,5.99,15-Aug-25,1,0,0,8/18/2025 12:52
Dune: Spice Wars,5,10836,-60,13.99,34.99,14-Sep-23,1,0,0,8/18/2025 12:52
Sid Meier's Civilization® V,8,124915,-75,7.49,29.99,21-Sep-10,1,1,1,8/18/2025 12:52
The Scouring,7,270,-10,22.49,24.99,12-Aug-25,1,0,0,8/18/2025 12:52
Monster Hunter Rise + Sunbreak,7,77073,-75,14.99,59.99,29-Jun-22,1,0,0,8/18/2025 12:52
Sun Haven,7,20025,-50,12.49,24.99,10-Mar-23,1,0,1,8/18/2025 12:52
Resident Evil 6,5,40602,-75,4.99,19.99,21-Mar-13,1,0,0,8/18/2025 12:52
Echoes of the End,4,245,-10,35.99,39.99,12-Aug-25,1,0,0,8/18/2025 12:52
The Stanley Parable: Ultra Deluxe,7,30039,-40,14.99,24.99,27-Apr-22,1,1,1,8/18/2025 12:52
OVIS LOOP,7,274,-20,13.59,16.99,14-Aug-25,1,0,0,8/18/2025 12:52
Black Mesa,8,123419,-80,3.99,19.99,6-Mar-20,1,1,0,8/18/2025 12:52
Viscera Cleanup Detail,7,17162,-70,3.89,12.99,23-Oct-15,1,0,1,8/18/2025 12:52
SpellForce: Conquest of Eo,7,1935,-67,9.89,29.99,3-Feb-23,1,0,0,8/18/2025 12:52
BIGFOOT,7,16851,-20,15.99,19.99,31-Jan-17,1,0,0,8/18/2025 12:52
Subnautica Original Soundtrack,7,415,-75,2.49,9.99,30-Apr-21,0,0,0,8/18/2025 12:52
ZEPHON,7,1327,-25,29.99,39.99,8-Nov-24,1,1,0,8/18/2025 12:52
Nordhold,7,2177,-30,13.99,19.99,25-Mar-25,1,1,1,8/18/2025 12:52
Devil May Cry 4 Special Edition,7,14388,-70,7.49,24.99,23-Jun-15,1,0,0,8/18/2025 12:52
Subnautica: Below Zero Original Soundtrack,5,45,-75,2.49,9.99,30-Apr-21,0,0,0,8/18/2025 12:52
Just Cause™ 3,7,100000,-85,2.99,19.99,30-Nov-15,1,0,0,8/18/2025 12:52
A Hat in Time,8,41749,-50,14.99,29.99,5-Oct-17,1,0,1,8/18/2025 12:52
Noble Legacy,4,84,-10,22.49,24.99,12-Aug-25,1,0,0,8/18/2025 12:52
Victoria 3: Sphere of Influence,5,1133,-20,23.99,29.99,24-Jun-24,1,1,1,8/18/2025 12:52
Galactic Civilizations IV,5,1745,-50,19.99,39.99,19-Oct-23,1,0,0,8/18/2025 12:52
Legacy of Kain™ Soul Reaver 1&2 Remastered,7,2421,-35,19.49,29.99,10-Dec-24,1,0,0,8/18/2025 12:52
X4: Timelines,4,1795,-20,11.99,14.99,20-Jun-24,1,1,0,8/18/2025 12:52
Resident Evil 0,7,10227,-75,4.99,19.99,19-Jan-16,1,0,0,8/18/2025 12:52
Passant: A Chess Roguelike,7,135,-10,10.79,11.99,11-Aug-25,1,0,0,8/18/2025 12:52
The Escapists 2,7,25351,-75,4.99,19.99,21-Aug-17,1,1,1,8/18/2025 12:52
Fate/hollow ataraxia REMASTERED,7,298,-10,26.99,29.99,6-Aug-25,1,0,0,8/18/2025 12:52
Wagotabi: A Japanese Journey,7,190,-10,8.99,9.99,13-Aug-25,1,1,1,8/18/2025 12:52
Gloomhaven,7,12906,-65,12.24,34.99,20-Oct-21,1,0,1,8/18/2025 12:52
Project Wingman,7,16185,-50,12.49,24.99,1-Dec-20,1,0,0,8/18/2025 12:52
In Stars And Time,8,6085,-30,13.99,19.99,20-Nov-23,1,0,0,8/18/2025 12:52
"Warhammer 40,000: Rogue Trader - Deluxe Pack",5,71,-50,7.49,14.99,7-Dec-23,1,0,1,8/18/2025 12:52
OUTBRK,5,2009,-25,26.24,34.99,28-Jun-24,1,0,0,8/18/2025 12:52
Transport Fever 2,7,23056,-75,9.99,39.99,11-Dec-19,1,1,1,8/18/2025 12:52
Stoneshard,5,29414,-25,18.74,24.99,6-Feb-20,1,1,0,8/18/2025 12:52
Airships: Conquer the Skies,8,5657,-60,9.99,24.99,16-Aug-18,1,1,1,8/18/2025 12:52
Sherlock Holmes Chapter One,5,3408,-85,6.74,44.99,15-Nov-21,1,0,0,8/18/2025 12:52
Dead Rising Deluxe Remaster,7,2559,-40,29.99,49.99,18-Sep-24,1,0,0,8/18/2025 12:52
Little Goody Two Shoes,8,1651,-50,9.99,19.99,7-Nov-23,1,0,0,8/18/2025 12:52
Spiritfarer®: Farewell Edition,8,42696,-85,4.49,29.99,18-Aug-20,1,1,1,8/18/2025 12:52
Whispers from the Star,7,556,-20,7.99,9.99,14-Aug-25,1,0,0,8/18/2025 12:52
Vampire Hunters,7,1447,-40,8.99,14.99,30-Oct-24,1,0,0,8/18/2025 12:52
Resident Evil,7,20852,-75,4.99,19.99,19-Jan-15,1,0,0,8/18/2025 12:52
Sid Meier's Civilization® VI: Gathering Storm,4,2452,-50,19.99,39.99,13-Feb-19,1,1,1,8/18/2025 12:52
Sleeping Dogs: Definitive Edition,7,62126,-85,2.99,19.99,8-Oct-14,1,0,1,8/18/2025 12:52
Rift of the NecroDancer,7,3617,-25,14.99,19.99,5-Feb-25,1,0,0,8/18/2025 12:52
Big Ambitions,7,10566,-20,18.39,22.99,10-Mar-23,1,0,1,8/18/2025 12:52
Street Fighter™ 6 - Year 2 Character Pass,4,146,-20,23.99,29.99,7-Jun-24,1,0,0,8/18/2025 12:52
Expansion - Hearts of Iron IV: Arms Against Tyranny,4,1869,-20,15.99,19.99,10-Oct-23,1,1,1,8/18/2025 12:52
Stellaris: Grand Archive,4,248,-20,11.99,14.99,29-Oct-24,1,1,1,8/18/2025 12:52
Metro: Last Light Redux,7,61928,-85,2.99,19.99,25-Aug-14,1,1,1,8/18/2025 12:52
X4: Kingdom End,7,422,-50,7.49,14.99,12-Apr-23,1,1,0,8/18/2025 12:52
The Thaumaturge,7,3048,-50,17.49,34.99,4-Mar-24,1,0,0,8/18/2025 12:52
Blasphemous,7,44766,-75,6.24,24.99,10-Sep-19,1,1,1,8/18/2025 12:52
We Love Katamari REROLL+ Royal Reverie,8,1826,-75,7.49,29.99,1-Jun-23,1,0,0,8/18/2025 12:52
Stellaris: Federations,5,951,-50,9.99,19.99,17-Mar-20,1,1,1,8/18/2025 12:52
Trepang2,7,12070,-50,14.99,29.99,21-Jun-23,1,0,0,8/18/2025 12:52
Metro 2033 Redux,7,83740,-85,2.99,19.99,25-Aug-14,1,1,1,8/18/2025 12:52
CONSCRIPT,7,1261,-70,5.98,19.98,23-Jul-24,1,0,0,8/18/2025 12:52
ZERO Sievert,7,12724,-30,13.99,19.99,23-Oct-24,1,0,0,8/18/2025 12:52
Far Cry® New Dawn,5,29923,-80,7.99,39.99,15-Feb-19,1,0,0,8/18/2025 12:52
"Warhammer 40,000: Space Marine - Anniversary Edition",7,16546,-75,9.99,39.99,5-Sep-11,1,0,0,8/18/2025 12:52
Age of Wonders 4: Empires & Ashes,7,171,-20,15.99,19.99,2-May-23,1,0,0,8/18/2025 12:52
Life is Strange: Double Exposure,4,6086,-50,24.99,49.99,29-Oct-24,1,0,0,8/18/2025 12:52
Age of Wonders 4: Eldritch Realms,5,182,-20,15.99,19.99,2-May-23,1,0,0,8/18/2025 12:52
Sherlock Holmes The Awakened,7,1788,-85,5.99,39.99,11-Apr-23,1,0,0,8/18/2025 12:52
SOMA,8,40516,-70,8.99,29.99,21-Sep-15,1,1,1,8/18/2025 12:52
RollerCoaster Tycoon® 3: Complete Edition,7,2232,-75,4.99,19.99,24-Sep-20,1,0,1,8/18/2025 12:52
Wild Assault,5,2751,-35,9.74,14.99,11-Apr-25,1,0,0,8/18/2025 12:52
Forgotten Realms: The Archives - Collection Two,7,220,-60,3.99,9.99,29-Mar-22,1,0,0,8/18/2025 12:52
Pathfinder: Kingmaker — Enhanced Plus Edition,5,26905,-85,2.99,19.99,25-Sep-18,1,1,1,8/18/2025 12:52
Expansion - Hearts of Iron IV: No Step Back,4,3398,-30,13.99,19.99,23-Nov-21,1,1,1,8/18/2025 12:52
Avorion,7,12361,-50,12.49,24.99,9-Mar-20,1,1,1,8/18/2025 12:52
Age of Wonders: Planetfall,7,4625,-66,10.19,29.99,6-Aug-19,1,0,1,8/18/2025 12:52
Resident Evil Village - Winters’ Expansion,4,2362,-50,9.99,19.99,27-Oct-22,1,0,0,8/18/2025 12:52
Intravenous 2: IV1 Remaster,7,97,-25,7.49,9.99,3-Mar-25,1,0,0,8/18/2025 12:52
Life is Strange Remastered,7,5312,-50,19.99,39.99,1-Feb-22,1,0,0,8/18/2025 12:52
SCARLET NEXUS,7,13138,-84,9.59,59.99,24-Jun-21,1,0,0,8/18/2025 12:52
Heroes of Science and Fiction,7,348,-50,12.49,24.99,30-Sep-24,1,1,0,8/18/2025 12:52
Voidtrain,5,5420,-30,20.99,29.99,9-May-23,1,0,0,8/18/2025 12:52
The Planet Crafter - Planet Humble,5,756,-30,5.59,7.99,9-Oct-24,1,0,0,8/18/2025 12:52
Primitive Society Simulator,7,466,-20,15.99,19.99,26-Feb-24,1,0,0,8/18/2025 12:52
Children of Morta,7,16734,-80,4.39,21.99,3-Sep-19,1,1,1,8/18/2025 12:52
Gemporium: A Cute Mining Sim,7,413,-20,7.99,9.99,7-Aug-25,1,0,0,8/18/2025 12:52
The Texas Chain Saw Massacre,4,18208,-75,4.99,19.99,18-Aug-23,1,0,0,8/18/2025 12:52
CYGNI: All Guns Blazing,4,289,-90,2.99,29.99,5-Aug-24,1,0,0,8/18/2025 12:52
X4: Cradle of Humanity,7,340,-60,5.99,14.99,16-Mar-21,1,1,0,8/18/2025 12:52
Moonstone Island,7,3363,-50,9.99,19.99,20-Sep-23,1,1,1,8/18/2025 12:52
Outlast,8,94288,-50,7.49,14.99,4-Sep-13,1,1,1,8/18/2025 12:52
Ghostrunner 2,7,6907,-75,9.99,39.99,26-Oct-23,1,0,0,8/18/2025 12:52
Heart of the Machine,7,1072,-35,19.49,29.99,31-Jan-25,1,0,1,8/18/2025 12:52
Dead Rising 3 Apocalypse Edition,5,12914,-80,5.99,29.99,5-Sep-14,1,0,0,8/18/2025 12:52
Forager,7,33376,-65,6.99,19.99,18-Apr-19,1,0,0,8/18/2025 12:52
Ghostrunner,7,44904,-75,7.49,29.99,27-Oct-20,1,0,0,8/18/2025 12:52
Total Conflict: Resistance,5,4190,-25,22.49,29.99,21-Apr-23,1,0,0,8/18/2025 12:52
Stellaris: Overlord,4,1226,-50,9.99,19.99,12-May-22,1,1,1,8/18/2025 12:52
Stellaris: Apocalypse,4,1467,-50,9.99,19.99,22-Feb-18,1,1,1,8/18/2025 12:52
The Sinking City Remastered,5,4539,-70,11.99,39.99,26-Feb-21,1,0,0,8/18/2025 12:52
OneShot,8,51299,-40,5.99,9.99,8-Dec-16,1,1,1,8/18/2025 12:52
Terra Invicta,5,6217,-35,25.99,39.99,26-Sep-22,1,0,0,8/18/2025 12:52
Static Dread: The Lighthouse,7,425,-25,9.74,12.99,6-Aug-25,1,0,1,8/18/2025 12:52
Golf It!,7,23393,-56,3.95,8.99,18-Aug-23,1,0,1,8/18/2025 12:52
Bloodstained: Ritual of the Night,7,28357,-75,9.99,39.99,18-Jun-19,1,0,0,8/18/2025 12:52
X4: Tides of Avarice,5,295,-60,5.99,14.99,14-Mar-22,1,1,0,8/18/2025 12:52
Tinkerlands,7,2324,-25,9.74,12.99,23-May-25,1,0,0,8/18/2025 12:52
Temtem,7,31077,-72,12.59,44.99,6-Sep-22,1,0,0,8/18/2025 12:52
Worms W.M.D,7,8909,-80,5.99,29.99,23-Aug-16,1,1,1,8/18/2025 12:52
Bread & Fred,7,3761,-45,8.24,14.99,23-May-23,1,0,1,8/18/2025 12:52
Predator: Hunting Grounds,5,3849,-75,4.99,19.99,29-Apr-21,1,0,0,8/18/2025 12:52
Stellaris: Nemesis,4,1544,-50,9.99,19.99,15-Apr-21,1,1,1,8/18/2025 12:52
Cooking Simulator,7,16991,-70,5.99,19.99,6-Jun-19,1,0,0,8/18/2025 12:52
Stellaris: Galactic Paragons,4,920,-50,7.49,14.99,9-May-23,1,1,1,8/18/2025 12:52
Dominions 6 - Rise of the Pantokrator,7,1291,-35,29.24,44.99,17-Jan-24,1,1,1,8/18/2025 12:52
Street Fighter™ 6 - Year 2 Ultimate Pass,4,114,-20,39.99,49.99,7-Jun-24,1,0,0,8/18/2025 12:52
Stellaris: Utopia,5,1290,-50,9.99,19.99,6-Apr-17,1,1,1,8/18/2025 12:52
Sid Meier’s Civilization® VI: Rise and Fall,4,2279,-50,14.99,29.99,7-Feb-18,1,1,1,8/18/2025 12:52
Backyard Baseball '01,7,216,-25,7.49,9.99,8-Jul-25,1,0,0,8/18/2025 12:52
Blasphemous 2,7,11573,-40,22.79,37.99,24-Aug-23,1,0,0,8/18/2025 12:52
"Warhammer 40,000: Dawn of War - Anniversary Edition",8,8335,-34,9.89,14.99,7-Aug-07,1,0,0,8/18/2025 12:52
Garden of Witches,8,839,-20,15.19,18.99,23-May-25,1,0,0,8/18/2025 12:52
Stellaris: MegaCorp,4,1128,-50,9.99,19.99,6-Dec-18,1,1,1,8/18/2025 12:52
Cossacks 3,7,11405,-66,6.79,19.99,20-Sep-16,1,1,0,8/18/2025 12:52
I Am Your Beast,8,3971,-30,13.99,19.99,10-Sep-24,1,0,0,8/18/2025 12:52
Expansion - Hearts of Iron IV: By Blood Alone,3,2898,-30,13.99,19.99,27-Sep-22,1,1,1,8/18/2025 12:52
Scorn,5,11373,-75,9.99,39.99,14-Oct-22,1,0,0,8/18/2025 12:52
RESIDENT EVIL 2 / BIOHAZARD RE:2 Deluxe Edition,8,125680,-75,12.49,49.99,24-Jan-19,1,0,0,8/18/2025 12:52
Bendy and the Dark Revival,7,11824,-67,9.89,29.99,15-Nov-22,1,0,0,8/18/2025 12:52
Songs of Silence,5,1816,-40,17.99,29.99,13-Nov-24,1,0,0,8/18/2025 12:52
Assassin’s Creed® Brotherhood,7,22128,-75,4.99,19.99,22-Mar-11,1,0,0,8/18/2025 12:52
Ace Attorney Investigations Collection,8,2444,-25,29.99,39.99,5-Sep-24,1,0,0,8/18/2025 12:52
Forgotten Realms: The Archives - Collection One,7,233,-50,4.99,9.99,29-Mar-22,1,0,0,8/18/2025 12:52
The Battle of Polytopia,7,4139,-60,5.99,14.99,4-Aug-20,1,1,1,8/18/2025 12:52
"Warhammer 40,000: Dawn of War III",4,13439,-80,7.99,39.99,27-Apr-17,1,1,1,8/18/2025 12:52
GUNDAM BREAKER 4,5,3149,-30,41.99,59.99,28-Aug-24,1,0,0,8/18/2025 12:52
Fate/stay night REMASTERED,8,3170,-30,20.99,29.99,7-Aug-24,1,0,0,8/18/2025 12:52
Bendy and the Ink Machine,7,19506,-60,7.99,19.99,27-Apr-17,1,0,0,8/18/2025 12:52
X4: Split Vendetta,7,251,-70,4.49,14.99,31-Mar-20,1,1,0,8/18/2025 12:52
Expansion - Hearts of Iron IV: La Résistance,4,2110,-50,9.99,19.99,25-Feb-20,1,1,1,8/18/2025 12:52
Kingdoms and Castles,7,28968,-34,9.89,14.99,20-Jul-17,1,1,1,8/18/2025 12:52
Sid Meier's Civilization®: Beyond Earth™,4,13736,-75,9.99,39.99,23-Oct-14,1,1,1,8/18/2025 12:52
OUTRIDERS,4,45590,-50,9.99,19.99,1-Apr-21,1,0,0,8/18/2025 12:52
Knights of Honor II: Sovereign,5,4407,-67,14.84,44.99,6-Dec-22,1,0,0,8/18/2025 12:52
Intravenous 2 - Supporter Pack,7,60,-35,6.49,9.99,15-Aug-24,1,0,0,8/18/2025 12:52
Stellaris: First Contact Story Pack,4,489,-50,7.49,14.99,14-Mar-23,1,1,1,8/18/2025 12:52
Apollo Justice: Ace Attorney Trilogy,7,2573,-50,24.99,49.99,24-Jan-24,1,0,0,8/18/2025 12:52
PULSAR: Lost Colony,7,4318,-50,9.99,19.99,22-Jun-21,1,1,1,8/18/2025 12:52
Resident Evil Revelations,7,9647,-75,4.99,19.99,20-May-13,1,0,0,8/18/2025 12:52
Carry The Glass,5,1924,-50,2.49,4.99,23-Oct-24,1,0,0,8/18/2025 12:52
Dungeons of Blood and Dream,8,867,-25,14.24,18.99,11-Nov-24,1,0,0,8/18/2025 12:52
Death's Door,7,17075,-75,4.99,19.99,20-Jul-21,1,0,0,8/18/2025 12:52
The Wolf Among Us,8,29340,-50,7.49,14.99,11-Oct-13,1,0,0,8/18/2025 12:52
Resident Evil 4 (2005),7,67246,-75,4.99,19.99,27-Feb-14,1,0,0,8/18/2025 12:52
Touhou Mystia's Izakaya,8,25545,-20,4.79,5.99,1-Oct-21,1,0,1,8/18/2025 12:52
Stellaris: Astral Planes,3,1048,-50,9.99,19.99,16-Nov-23,1,1,1,8/18/2025 12:52
[NINJA GAIDEN: Master Collection] NINJA GAIDEN Σ2,5,1394,-50,19.99,39.99,9-Jun-21,1,0,0,8/18/2025 12:52
Resident Evil Revelations 2,5,23181,-75,4.99,19.99,24-Feb-15,1,0,0,8/18/2025 12:52
Street Fighter™ 6 - Year 1 Character Pass,4,176,-35,19.49,29.99,1-Jun-23,1,0,0,8/18/2025 12:52
Shadow Empire,7,1095,-60,15.99,39.99,3-Dec-20,1,0,0,8/18/2025 12:52
Potion Permit,5,3858,-60,7.99,19.99,22-Sep-22,1,0,1,8/18/2025 12:52
Life is Strange: True Colors,7,11589,-70,17.99,59.99,9-Sep-21,1,0,0,8/18/2025 12:52
Katamari Damacy REROLL,7,4583,-75,7.49,29.99,6-Dec-18,1,0,0,8/18/2025 12:52
Rusty's Retirement,8,12534,-33,4.68,6.99,26-Apr-24,1,0,1,8/18/2025 12:52
Solasta: Crown of the Magister - Palace of Ice,5,219,-35,9.74,14.99,25-May-23,1,0,1,8/18/2025 12:52
Amnesia: The Bunker,7,8179,-65,8.74,24.99,6-Jun-23,1,0,0,8/18/2025 12:52
Bear and Breakfast,7,4251,-55,8.99,19.99,28-Jul-22,1,0,0,8/18/2025 12:52
Stray Gods: The Roleplaying Musical,7,2291,-40,17.99,29.99,9-Aug-23,1,0,0,8/18/2025 12:52
Forgotten Realms: Demon Stone,5,52,-10,8.99,9.99,12-Aug-25,1,0,0,8/18/2025 12:52
WITCH ON THE HOLY NIGHT,8,5300,-35,25.99,39.99,14-Dec-23,1,0,0,8/18/2025 12:52
Soulstone Survivors: Supporter Pack,7,70,-10,4.49,4.99,23-Apr-25,1,1,1,8/18/2025 12:52
Promise Mascot Agency,8,1550,-25,18.74,24.99,10-Apr-25,1,0,0,8/18/2025 12:52
Batman - The Telltale Series,7,13560,-50,7.49,14.99,2-Aug-16,1,0,0,8/18/2025 12:52
News Tower,8,2244,-25,14.99,19.99,13-Feb-24,1,0,1,8/18/2025 12:52
LOST EMBER - VR Edition,4,74,-60,11.99,29.99,12-Jul-22,1,0,0,8/18/2025 12:52
Darkwater,7,460,-20,7.99,9.99,22-Apr-25,1,0,0,8/18/2025 12:52
Scythe: Digital Edition,7,3027,-70,5.99,19.99,5-Sep-18,1,0,1,8/18/2025 12:52
Portal Knights,7,16482,-85,2.99,19.99,18-May-17,1,0,0,8/18/2025 12:52
Age of Wonders 4: Primal Fury,7,148,-20,7.99,9.99,2-May-23,1,0,0,8/18/2025 12:52
Wasteland 2: Director's Cut,7,4632,-80,5.99,29.99,18-Sep-14,1,1,1,8/18/2025 12:52
Sherlock Holmes: The Devil's Daughter,7,11477,-90,2.99,29.99,10-Jun-16,1,0,0,8/18/2025 12:52
Die in the Dungeon,7,1959,-25,9.74,12.99,21-Feb-25,1,0,1,8/18/2025 12:52
Eiyuden Chronicle: Hundred Heroes,5,2796,-65,17.49,49.99,23-Apr-24,1,0,0,8/18/2025 12:52
Crypt Custodian,8,1984,-30,13.99,19.99,27-Aug-24,1,0,0,8/18/2025 12:52
Dragon's Dogma: Dark Arisen,7,35892,-84,4.79,29.99,15-Jan-16,1,0,0,8/18/2025 12:52
Wizard of Legend,7,16972,-70,4.79,15.99,15-May-18,1,1,1,8/18/2025 12:52
Ni no Kuni™ II: Revenant Kingdom,7,7818,-85,11.99,79.98,23-Mar-18,1,0,0,8/18/2025 12:52
Cat Quest III,7,2521,-50,9.99,19.99,8-Aug-24,1,0,0,8/18/2025 12:52
Bloomtown: A Different Story,7,992,-50,12.49,24.99,24-Sep-24,1,0,0,8/18/2025 12:52
Lost Skies,5,1805,-20,19.99,24.99,18-Apr-25,1,0,0,8/18/2025 12:52
Moonlighter,7,15846,-90,1.99,19.99,29-May-18,1,1,1,8/18/2025 12:52
Stellaris: Cosmic Storms,3,562,-20,10.39,12.99,10-Sep-24,1,1,1,8/18/2025 12:52
Just Crow Things,7,240,-50,9.99,19.99,15-Aug-24,1,1,1,8/18/2025 12:52
Nice Day for Fishing,7,1744,-20,15.99,19.99,29-May-25,1,0,0,8/18/2025 12:52
Dungeons & Dragons: Dark Sun Series,7,55,-50,4.99,9.99,29-Mar-22,1,0,0,8/18/2025 12:52
Assassin's Creed® Revelations,7,17038,-70,5.99,19.99,29-Nov-11,1,0,0,8/18/2025 12:52
Dungeons & Dragons: Krynn Series,7,105,-50,4.99,9.99,29-Mar-22,1,0,0,8/18/2025 12:52
Crime Boss: Rockay City,4,6886,-90,1.99,19.99,18-Jun-24,1,0,0,8/18/2025 12:52
Killer Klowns from Outer Space: The Game,5,3281,-70,11.99,39.99,4-Jun-24,1,0,0,8/18/2025 12:52
Dune: Spice Wars - House Vernius of Ix,7,116,-40,7.79,12.99,7-Mar-24,1,0,0,8/18/2025 12:52
Galactic Civilizations III,5,8263,-67,9.89,29.99,24-Oct-19,1,0,0,8/18/2025 12:52
Tom Clancy’s Splinter Cell Blacklist,5,17893,-75,7.49,29.99,20-Aug-13,1,0,0,8/18/2025 12:52
Gujian3(古剑奇谭三),7,40213,-65,10.49,29.99,14-Dec-18,1,0,0,8/18/2025 12:52
RollerCoaster Tycoon® Classic,7,2231,-75,4.99,19.99,28-Sep-17,1,0,1,8/18/2025 12:52
PowerWash Simulator – Wallace & Gromit Special Pack,7,92,-25,5.99,7.99,4-Mar-25,1,0,0,8/18/2025 12:52
Ship of Fools,7,4425,-60,8.79,21.99,22-Nov-22,1,0,0,8/18/2025 12:52
PowerWash Simulator – Shrek Special Pack,5,149,-25,5.99,7.99,10-Oct-24,1,0,0,8/18/2025 12:52
Age of Wonders 4: Dragon Dawn,7,243,-20,7.99,9.99,2-May-23,1,0,0,8/18/2025 12:52
Sid Meier's Civilization IV: Colonization,7,1162,-80,5.99,29.99,23-Sep-08,1,0,1,8/18/2025 12:52
Tavern Manager Simulator 🍻,7,3471,-40,7.79,12.99,13-Aug-24,1,0,0,8/18/2025 12:52
Mad Games Tycoon 2,7,6765,-40,14.99,24.99,31-May-23,1,0,1,8/18/2025 12:52
Becastled,7,4640,-33,10.04,14.99,8-Feb-21,1,0,0,8/18/2025 12:52
Heroes of Hammerwatch,7,7293,-75,2.99,11.99,1-Mar-18,1,1,0,8/18/2025 12:52
Victoria 3: Pivot of Empire,4,341,-20,7.99,9.99,21-Nov-24,1,1,1,8/18/2025 12:52
The Dungeon Of Naheulbeuk: The Amulet Of Chaos,7,6506,-80,6.99,34.99,17-Sep-20,1,0,1,8/18/2025 12:52
The Expanse: A Telltale Series,5,1827,-70,7.49,24.99,20-Nov-23,1,0,0,8/18/2025 12:52
Batman: The Enemy Within - The Telltale Series,7,7885,-50,7.49,14.99,8-Aug-17,1,0,0,8/18/2025 12:52
Dungeons & Dragons: Ravenloft Series,6,44,-50,4.99,9.99,29-Mar-22,1,0,0,8/18/2025 12:52
Menace from the Deep,7,1778,-33,11.38,16.99,11-Nov-24,1,0,0,8/18/2025 12:52
Midnight Fight Express,7,1729,-50,9.99,19.99,23-Aug-22,1,0,0,8/18/2025 12:52
Assassin's Creed™: Director's Cut Edition,7,21001,-75,4.99,19.99,9-Apr-08,1,0,0,8/18/2025 12:52
Grand Tactician: The Civil War (1861-1865),5,2134,-50,22.49,44.99,24-Sep-21,1,0,0,8/18/2025 12:52
Expansion - Hearts of Iron IV: Man the Guns,4,1826,-70,5.99,19.99,28-Feb-19,1,1,1,8/18/2025 12:52
Stellaris: Distant Stars Story Pack,4,544,-50,4.99,9.99,22-May-18,1,1,1,8/18/2025 12:52
Age of Wonders III,7,6929,-75,7.49,29.99,31-Mar-14,1,1,1,8/18/2025 12:52
Stellaris: Toxoids Species Pack,5,274,-50,4.99,9.99,20-Sep-22,1,1,1,8/18/2025 12:52
DmC: Devil May Cry,7,19025,-75,7.49,29.99,24-Jan-13,1,0,0,8/18/2025 12:52
Tunguska: The Visitation - Enhanced Edition,7,1329,-52,7.19,14.99,4-Jun-21,1,0,0,8/18/2025 12:52
Lost in Random: The Eternal Die,7,422,-20,19.99,24.99,17-Jun-25,1,0,0,8/18/2025 12:52
Double Dragon Gaiden: Rise Of The Dragons,7,903,-65,8.74,24.99,27-Jul-23,1,0,0,8/18/2025 12:52
"Warhammer 40,000: Rogue Trader - Void Shadows",7,753,-25,13.49,17.99,24-Sep-24,1,0,1,8/18/2025 12:52
Stellaris: Aquatics Species Pack,7,665,-50,4.99,9.99,22-Nov-21,1,1,1,8/18/2025 12:52
MY HERO ONE'S JUSTICE 2,7,2932,-88,4.79,39.99,12-Mar-20,1,0,0,8/18/2025 12:52
STONKS-9800: Stock Market Simulator,8,1424,-33,6.69,9.99,17-Jul-23,1,1,1,8/18/2025 12:52
Fischer's Fishing Journey,7,334,-10,7.19,7.99,7-Aug-25,1,0,0,8/18/2025 12:52
The Great Ace Attorney Chronicles,7,4593,-60,15.99,39.99,26-Jul-21,1,0,0,8/18/2025 12:52
Sherlock Holmes: Crimes and Punishments,7,6427,-90,2.99,29.99,29-Sep-14,1,0,0,8/18/2025 12:52
Age of Darkness: Final Stand,5,8661,-50,13.99,27.99,15-Jan-25,1,0,0,8/18/2025 12:52
RollerCoaster Tycoon® 2: Triple Thrill Pack,7,4742,-75,2.49,9.99,21-May-14,1,0,0,8/18/2025 12:52
Ion Fury,7,5470,-60,9.99,24.99,15-Aug-19,1,1,0,8/18/2025 12:52
The Last Stand: Aftermath,7,5586,-65,8.74,24.99,16-Nov-21,1,0,0,8/18/2025 12:52
This War of Mine,7,78815,-85,2.99,19.99,14-Nov-14,1,1,1,8/18/2025 12:52
Settlement Survival,7,7161,-50,9.99,19.99,24-Oct-22,1,0,1,8/18/2025 12:52
Resident Evil Deluxe Origins Bundle / Biohazard Deluxe Origins Bundle,7,31277,-75,9.99,39.99,19-Jan-16,1,0,0,8/18/2025 12:52
Ghost Trick: Phantom Detective,8,4912,-50,14.99,29.99,29-Jun-23,1,0,0,8/18/2025 12:52
GOD EATER 3,7,7366,-90,5.99,59.99,7-Feb-19,1,0,0,8/18/2025 12:52
Solasta: Crown of the Magister - Lost Valley,4,293,-40,7.79,12.99,14-Apr-22,1,0,1,8/18/2025 12:52
Ashes of the Singularity: Escalation,5,2580,-90,2.99,29.99,10-Nov-16,1,0,0,8/18/2025 12:52
PowerWash Simulator – Alice’s Adventures Special Pack,7,174,-25,5.99,7.99,2-Jul-24,1,0,0,8/18/2025 12:52
Rise Of The White Sun - 白日升,7,629,-70,6.29,20.99,21-Sep-23,1,1,1,8/18/2025 12:52
NINJA GAIDEN: Master Collection,5,4767,-50,19.99,39.99,9-Jun-21,1,0,0,8/18/2025 12:52
BlazBlue: Cross Tag Battle,7,3159,-80,9.99,49.99,20-Nov-19,1,0,0,8/18/2025 12:52
PowerWash Simulator – SpongeBob SquarePants Special Pack,4,437,-25,5.99,7.99,29-Jun-23,1,0,0,8/18/2025 12:52
KILL KNIGHT,7,1475,-50,7.49,14.99,2-Oct-24,1,0,0,8/18/2025 12:52
Dead Rising® 2,5,5789,-75,4.99,19.99,27-Sep-10,1,0,0,8/18/2025 12:52
Cultist Simulator,7,9519,-60,7.99,19.99,31-May-18,1,1,1,8/18/2025 12:52
Orebound,5,553,-40,14.99,24.99,24-Oct-24,1,0,0,8/18/2025 12:52
"Haiku, the Robot",7,2144,-80,3.99,19.99,28-Apr-22,1,0,1,8/18/2025 12:52
"Warhammer 40,000: Rogue Trader - Voidfarer Pack",4,49,-50,2.49,4.99,7-Dec-23,1,0,1,8/18/2025 12:52
Ghostbusters: Spirits Unleashed Ecto Edition,7,981,-75,4.99,19.99,19-Oct-23,1,0,0,8/18/2025 12:52
Kebab Chefs! - Restaurant Simulator,7,5913,-30,12.59,17.99,19-Jan-24,1,0,0,8/18/2025 12:52
EZ2ON REBOOT : R,7,5631,-50,22.49,44.99,14-Apr-22,1,0,0,8/18/2025 12:52
Killer Frequency,7,3952,-70,8.99,29.99,1-Jun-23,1,0,0,8/18/2025 12:52
Age of History 3,7,13538,-40,5.99,9.99,23-Oct-24,1,0,1,8/18/2025 12:52
Country Pack - Hearts of Iron IV: Trial of Allegiance,3,2216,-20,11.99,14.99,7-Mar-24,1,1,1,8/18/2025 12:52
Rayman® Legends,7,9662,-80,5.99,29.99,3-Sep-13,1,0,0,8/18/2025 12:52
No Man's Sky,7,164919,-60,23.99,59.99,12-Aug-16,1,0,1,9/2/2025 11:23
Baldur's Gate 3,8,415733,-25,44.99,59.99,3-Aug-23,1,0,1,9/2/2025 11:23
Hogwarts Legacy,7,129994,-80,11.99,59.99,10-Feb-23,1,0,0,9/2/2025 11:23
Ready or Not,5,131863,-40,29.99,49.99,13-Dec-23,1,0,0,9/2/2025 11:23
Kingdom Come: Deliverance II,7,42875,-30,41.99,59.99,4-Feb-25,1,0,0,9/2/2025 11:23
Red Dead Redemption 2,7,258593,-75,14.99,59.99,5-Dec-19,1,0,0,9/2/2025 11:23
Total War: WARHAMMER III,5,44770,-70,17.99,59.99,16-Feb-22,1,1,1,9/2/2025 11:23
Black Desert,5,34680,-90,0.99,9.99,24-May-17,1,0,0,9/2/2025 11:23
Kingdom Come: Deliverance,7,56755,-80,5.99,29.99,13-Feb-18,1,0,0,9/2/2025 11:23
Kingdom Come: Deliverance Royal Edition,7,133875,-80,7.99,39.99,28-May-19,1,0,0,9/2/2025 11:23
Clair Obscur: Expedition 33,8,62128,-10,44.99,49.99,24-Apr-25,1,0,0,9/2/2025 11:23
Grand Theft Auto V Enhanced,5,29303,-56,19.79,44.99,4-Mar-25,1,0,0,9/2/2025 11:23
The Riftbreaker,7,7457,-55,13.49,29.99,14-Oct-21,1,0,0,9/2/2025 11:23
BlazBlue Entropy Effect,7,3816,-35,12.99,19.99,14-Feb-24,1,0,1,9/2/2025 11:23
R.E.P.O.,8,88455,-30,6.99,9.99,26-Feb-25,1,0,0,9/2/2025 11:23
Risk of Rain 2,7,148322,-67,8.24,24.99,11-Aug-20,1,0,0,9/2/2025 11:23
Lies of P,7,22970,-50,29.99,59.99,18-Sep-23,1,0,1,9/2/2025 11:23
Avatar: Frontiers of Pandora™,4,2783,-75,17.49,69.99,17-Jun-24,1,0,0,9/2/2025 11:23
Battlefield™ 2042,4,103597,-95,2.99,59.99,19-Nov-21,1,0,0,9/2/2025 11:23
Persona 3 Reload,8,17749,-55,31.49,69.99,1-Feb-24,1,0,0,9/2/2025 11:23
Castle Crashers®,8,42009,-70,4.49,14.99,26-Sep-12,1,0,1,9/2/2025 11:23
Mortal Sin,8,3567,-20,19.99,24.99,29-Aug-25,1,0,0,9/2/2025 11:23
Whisper of the House,8,899,-10,13.49,14.99,27-Aug-25,1,0,1,9/2/2025 11:23
Star Trucker,5,2713,-50,12.49,24.99,3-Sep-24,1,0,0,9/2/2025 11:23
Enshrouded,7,38359,-20,23.99,29.99,24-Jan-24,1,0,0,9/2/2025 11:23
Assassin's Creed® Odyssey,7,55199,-85,8.99,59.99,5-Oct-18,1,0,0,9/2/2025 11:23
Stray,8,73701,-40,17.99,29.99,19-Jul-22,1,0,1,9/2/2025 11:23
Metaphor: ReFantazio,7,11704,-45,38.49,69.99,10-Oct-24,1,0,0,9/2/2025 11:23
Total War: WARHAMMER II,7,50400,-75,14.99,59.99,28-Sep-17,1,1,1,9/2/2025 11:23
Darkest Dungeon® II,5,10402,-63,14.79,39.99,8-May-23,1,0,1,9/2/2025 11:23
Assassin's Creed Valhalla,4,11461,-80,11.99,59.99,6-Dec-22,1,0,0,9/2/2025 11:23
Persona 5 Royal,8,28262,-60,23.99,59.99,20-Oct-22,1,0,0,9/2/2025 11:23
Overlooting,7,66,-10,8.99,9.99,1-Sep-25,1,0,0,9/2/2025 11:23
F1® 25,7,3027,-20,47.99,59.99,30-May-25,1,0,0,9/2/2025 11:23
7 Days to Die,7,120066,-40,26.99,44.99,25-Jul-24,1,1,1,9/2/2025 11:23
inZOI,5,10455,-20,31.99,39.99,27-Mar-25,1,0,1,9/2/2025 11:23
Medieval Dynasty,7,17237,-40,20.99,34.99,23-Sep-21,1,0,0,9/2/2025 11:23
MechWarrior 5: Mercenaries,7,9010,-60,11.99,29.99,26-May-21,1,0,0,9/2/2025 11:23
LEGO Batman Trilogy,7,23085,-90,4.99,49.99,11-Nov-14,1,0,0,9/2/2025 11:23
LEGO® Batman™ 3: Beyond Gotham,7,2846,-85,4.49,29.99,11-Nov-14,1,0,0,9/2/2025 11:23
Shadows of Doubt,7,9864,-50,12.49,24.99,26-Sep-24,1,0,0,9/2/2025 11:23
Two Point Museum,8,3041,-20,23.99,29.99,4-Mar-25,1,1,1,9/2/2025 11:23
Planet Zoo,7,39535,-70,13.49,44.99,5-Nov-19,1,0,0,9/2/2025 11:23
The Roottrees are Dead,8,2807,-20,15.99,19.99,15-Jan-25,1,1,1,9/2/2025 11:23
Assassin’s Creed® IV Black Flag™,7,28385,-70,11.99,39.99,19-Nov-13,1,0,0,9/2/2025 11:23
"Warhammer 40,000: Darktide",5,66546,-60,15.99,39.99,30-Nov-22,1,0,0,9/2/2025 11:23
SCUM,5,36107,-50,22.49,44.99,17-Jun-25,1,0,0,9/2/2025 11:23
High On Life,7,11469,-50,19.99,39.99,13-Dec-22,1,0,0,9/2/2025 11:23
Dying Light 2 Stay Human: Reloaded Edition,5,65017,-67,19.79,59.99,3-Feb-22,1,0,0,9/2/2025 11:23
Nightingale,5,9782,-50,14.99,29.99,20-Feb-24,1,0,0,9/2/2025 11:23
Total War: WARHAMMER,7,17978,-75,14.99,59.99,24-May-16,1,1,1,9/2/2025 11:23
Ultimate General: Civil War,7,5320,-75,7.49,29.99,14-Jul-17,1,0,1,9/2/2025 11:23
Blue Prince,7,8337,-20,23.99,29.99,10-Apr-25,1,0,0,9/2/2025 11:23
Hell Let Loose,7,58484,-58,19.97,47.97,27-Jul-21,1,0,0,9/2/2025 11:23
Risk of Rain 2: Seekers of the Storm,4,9507,-35,9.74,14.99,27-Aug-24,1,0,0,9/2/2025 11:23
Dying Light,7,91372,-80,4.99,24.99,12-Mar-25,1,1,1,9/2/2025 11:23
Bad Cheese,7,86,-10,11.69,12.99,1-Sep-25,1,0,0,9/2/2025 11:23
A Little to the Left,7,8289,-50,7.49,14.99,8-Nov-22,1,0,1,9/2/2025 11:23
Dead Island 2,5,5329,-70,14.99,49.99,22-Apr-24,1,0,1,9/2/2025 11:23
Shin Megami Tensei V: Vengeance,8,3205,-55,26.99,59.99,13-Jun-24,1,0,0,9/2/2025 11:23
House Flipper 2,7,7308,-20,31.99,39.99,14-Dec-23,1,0,0,9/2/2025 11:23
Outer Wilds,8,45250,-40,14.99,24.99,18-Jun-20,1,0,0,9/2/2025 11:23
Kenshi,8,43522,-60,11.99,29.99,6-Dec-18,1,0,0,9/2/2025 11:23
Alien: Isolation,7,24887,-80,7.99,39.99,6-Oct-14,1,1,1,9/2/2025 11:23
SONIC X SHADOW GENERATIONS,8,7914,-40,29.99,49.99,24-Oct-24,1,0,0,9/2/2025 11:23
Total War: ROME II - Emperor Edition,7,30388,-80,11.99,59.99,2-Sep-13,1,0,1,9/2/2025 11:23
Slay the Spire,8,67388,-66,8.49,24.99,23-Jan-19,1,1,1,9/2/2025 11:23
Dying Light: Definitive 10th Anniversary Edition,7,360319,-80,9.99,49.99,12-Mar-25,1,0,0,9/2/2025 11:23
ASTRONEER,7,51013,-67,9.89,29.99,5-Feb-19,1,0,0,9/2/2025 11:23
LEGO® Star Wars™: The Skywalker Saga,7,25583,-85,7.49,49.99,5-Apr-22,1,0,0,9/2/2025 11:23
Manor Lords,7,33011,-35,25.99,39.99,26-Apr-24,1,0,0,9/2/2025 11:23
Assassin's Creed® Syndicate,5,9268,-85,4.49,29.99,18-Nov-15,1,0,0,9/2/2025 11:23
LEGO® Harry Potter™ Collection,7,724,-80,7.99,39.99,8-Oct-24,1,0,0,9/2/2025 11:23
Plan B: Terraform,7,1447,-15,13.59,15.99,29-Aug-25,1,0,0,9/2/2025 11:23
Ready or Not: Dark Waters,4,1231,-40,5.99,9.99,10-Dec-24,1,0,0,9/2/2025 11:23
Conquest of Elysium 5,7,1077,-35,19.49,29.99,17-Aug-21,1,1,1,9/2/2025 11:23
Like a Dragon: Infinite Wealth,7,6564,-60,27.99,69.99,25-Jan-24,1,0,0,9/2/2025 11:23
Total War: THREE KINGDOMS,7,16605,-75,14.99,59.99,23-May-19,1,1,1,9/2/2025 11:23
MechWarrior 5: Clans,5,3851,-30,20.99,29.99,16-Oct-24,1,0,0,9/2/2025 11:23
Chivalry 2,7,19716,-80,7.99,39.99,12-Jun-22,1,0,0,9/2/2025 11:23
Ready or Not: Home Invasion,4,1577,-40,5.99,9.99,23-Jul-24,1,0,0,9/2/2025 11:23
DREDGE,8,27548,-50,12.49,24.99,30-Mar-23,1,0,1,9/2/2025 11:23
VOID/BREAKER,7,1168,-10,17.99,19.99,19-Aug-25,1,0,0,9/2/2025 11:23
Sonic Frontiers,7,14599,-70,17.99,59.99,7-Nov-22,1,0,0,9/2/2025 11:23
Jurassic World Evolution 2,7,18620,-70,17.99,59.99,9-Nov-21,1,0,0,9/2/2025 11:23
Risk of Rain 2: Survivors of the Void,7,4021,-35,9.74,14.99,1-Mar-22,1,0,0,9/2/2025 11:23
Garry's Mod,8,504831,-40,5.99,9.99,29-Nov-06,1,1,1,9/2/2025 11:23
Hello Kitty Island Adventure,7,4003,-25,29.99,39.99,30-Jan-25,1,0,0,9/2/2025 11:23
Captain of Industry,7,4048,-30,24.49,34.99,31-May-22,1,0,0,9/2/2025 11:23
Car Dealer Simulator,7,1712,-10,17.99,19.99,29-May-25,1,0,0,9/2/2025 11:23
Destiny 2: The Edge of Fate,3,1773,-30,27.99,39.99,15-Jul-25,1,0,0,9/2/2025 11:23
Company of Heroes 3,4,11597,-60,23.99,59.99,23-Feb-23,1,0,0,9/2/2025 11:23
Like a Dragon: Pirate Yakuza in Hawaii,7,2907,-35,38.99,59.99,20-Feb-25,1,0,0,9/2/2025 11:23
9 Kings,7,5327,-50,9.99,19.99,23-May-25,1,0,1,9/2/2025 11:23
Planet Coaster 2,4,6203,-35,42.24,64.99,6-Nov-24,1,0,0,9/2/2025 11:23
Discounty,5,1019,-20,15.99,19.99,21-Aug-25,1,0,0,9/2/2025 11:23
KeyWe,7,1401,-85,3.74,24.99,31-Aug-21,1,0,0,9/2/2025 11:23
Winter Memories,7,491,-50,9.99,19.99,5-Jan-24,1,0,0,9/2/2025 11:23
Terminator: Dark Fate - Defiance,7,1620,-35,25.99,39.99,21-Feb-24,1,0,0,9/2/2025 11:23
Warhammer: Vermintide 2,7,41930,-80,5.99,29.99,8-Mar-18,1,0,0,9/2/2025 11:23
Chef RPG,7,1768,-20,15.99,19.99,12-Sep-24,1,0,1,9/2/2025 11:23
Grand Theft Auto: San Andreas – The Definitive Edition,5,3267,-60,23.99,59.99,19-Jan-23,1,0,0,9/2/2025 11:23
Total War: WARHAMMER III - Forge of the Chaos Dwarfs,5,1867,-50,12.49,24.99,13-Apr-23,1,1,1,9/2/2025 11:23
Among Us,7,362909,-40,2.99,4.99,16-Nov-18,1,0,0,9/2/2025 11:23
Harry Potter: Quidditch Champions,5,1523,-80,5.99,29.99,3-Sep-24,1,0,0,9/2/2025 11:23
LEGO® DC Super-Villains,7,2389,-85,5.99,39.99,16-Oct-18,1,0,1,9/2/2025 11:23
Elite Dangerous,5,50364,-70,5.99,19.99,2-Apr-15,1,0,0,9/2/2025 11:23
Baldur's Gate 3 - Digital Deluxe Edition DLC,8,2573,-25,7.49,9.99,3-Aug-23,1,0,1,9/2/2025 11:23
Golf With Your Friends,7,34090,-80,9.99,49.99,19-May-20,1,1,1,9/2/2025 11:23
Grand Theft Auto IV: The Complete Edition,7,63590,-70,5.99,19.99,24-Mar-20,1,0,0,9/2/2025 11:23
Spirit City: Lofi Sessions,8,7092,-40,7.19,11.99,8-Apr-24,1,0,1,9/2/2025 11:23
He is Coming,7,1938,-35,9.74,14.99,17-Jul-25,1,0,0,9/2/2025 11:23
Hatsune Miku: Project DIVA Mega Mix+,8,8667,-60,15.75,39.39,26-May-22,1,0,0,9/2/2025 11:23
Sunderfolk,7,1033,-20,39.99,49.99,23-Apr-25,1,0,0,9/2/2025 11:23
Darkest Dungeon®,7,54065,-85,3.74,24.99,19-Jan-16,1,1,1,9/2/2025 11:23
Rabbit and Steel,8,5768,-40,8.99,14.99,9-May-24,1,0,0,9/2/2025 11:23
Tales of Graces f Remastered,7,558,-35,25.99,39.99,16-Jan-25,1,0,0,9/2/2025 11:23
Axiom Verge 2,7,665,-70,5.99,19.99,11-Aug-22,1,1,0,9/2/2025 11:23
Mafia: Definitive Edition,7,25505,-85,5.99,39.99,24-Sep-20,1,0,0,9/2/2025 11:23
WARNO,7,7331,-50,19.99,39.99,23-May-24,1,0,0,9/2/2025 11:23
Expansion Starter Pack - Guild Wars 2: Heart of Thorns™ and Path of Fire™,7,263,-60,11.99,29.99,23-Aug-22,1,0,0,9/2/2025 11:23
The Wandering Village,7,3154,-40,17.99,29.99,17-Jul-25,1,1,1,9/2/2025 11:23
Yakuza 0,8,36373,-45,10.99,19.99,1-Aug-18,1,0,0,9/2/2025 11:23
Granblue Fantasy: Relink,7,10592,-55,35.99,79.99,31-Jan-24,1,0,0,9/2/2025 11:23
Among Us 3D,4,1393,-30,6.99,9.99,6-May-25,1,0,0,9/2/2025 11:23
LEGO® Marvel Super Heroes 2,7,2664,-80,3.99,19.99,14-Nov-17,1,0,0,9/2/2025 11:23
Gas Station Simulator,7,9914,-45,10.99,19.99,15-Sep-21,1,0,1,9/2/2025 11:23
BlazBlue Entropy Effect - Bullet Character Pack,7,176,-25,3.74,4.99,26-Jun-25,1,0,1,9/2/2025 11:23
The Riftbreaker: Into The Dark,5,212,-30,6.99,9.99,29-May-23,1,0,0,9/2/2025 11:23
Guild Wars 2: End of Dragons™ Expansion,4,83,-40,17.99,29.99,23-Aug-22,1,0,0,9/2/2025 11:23
The Riftbreaker: Heart of the Swamp,4,179,-30,6.99,9.99,21-Jun-24,1,0,0,9/2/2025 11:23
The Riftbreaker: Metal Terror,5,278,-30,6.99,9.99,18-Jul-22,1,0,0,9/2/2025 11:23
"Little Kitty, Big City",8,5616,-40,14.99,24.99,9-May-24,1,0,0,9/2/2025 11:23
Two Point Hospital,7,12257,-75,7.49,29.99,29-Aug-18,1,1,1,9/2/2025 11:23
Total War: SHOGUN 2,7,20531,-80,5.99,29.99,15-Mar-11,1,1,1,9/2/2025 11:23
Lost Judgment,8,3186,-70,17.99,59.99,14-Sep-22,1,0,0,9/2/2025 11:23
Two Point Campus,7,2322,-75,7.49,29.99,9-Aug-22,1,1,1,9/2/2025 11:23
Killing Floor 2,7,41289,-90,2.99,29.99,18-Nov-16,1,0,0,9/2/2025 11:23
BattleBlock Theater®,8,23127,-70,4.49,14.99,15-May-14,1,1,1,9/2/2025 11:23
LEGO® MARVEL's Avengers,7,1871,-80,3.99,19.99,26-Jan-16,1,0,0,9/2/2025 11:23
LEGO® The Lord of the Rings™,7,4566,-80,3.99,19.99,27-Nov-12,1,0,0,9/2/2025 11:23
LEGO® Marvel™ Super Heroes,7,7288,-80,3.99,19.99,22-Oct-13,1,0,0,9/2/2025 11:23
Smalland: Survive the Wilds,7,3937,-65,12.24,34.99,15-Feb-24,1,0,0,9/2/2025 11:23
Summer Memories,7,1255,-75,4.99,19.99,14-Jun-20,1,0,0,9/2/2025 11:23
RPG Maker MZ,7,1635,-56,41.83,94.48,27-Aug-20,1,0,1,9/2/2025 11:23
Overcooked! All You Can Eat,5,1312,-66,13.59,39.99,23-Mar-21,1,0,0,9/2/2025 11:23
Quasimorph,7,2566,-30,13.99,19.99,2-Oct-23,1,0,0,9/2/2025 11:23
Nuclear Nightmare,7,7044,-65,2.44,6.99,20-Oct-24,1,0,0,9/2/2025 11:23
Barotrauma,8,25583,-50,17.49,34.99,13-Mar-23,1,1,1,9/2/2025 11:23
BlazBlue Entropy Effect - Hazama Character Pack,7,174,-25,3.74,4.99,20-Jan-25,1,0,1,9/2/2025 11:23
Unspottable,7,594,-60,3.99,9.99,22-Oct-20,1,1,1,9/2/2025 11:23
Stronghold Crusader: Definitive Edition,7,2030,-10,17.99,19.99,15-Jul-25,1,0,0,9/2/2025 11:23
Total War: ATTILA,7,12640,-80,8.99,44.99,17-Feb-15,1,1,0,9/2/2025 11:23
The Long Dark,7,37578,-50,9.99,19.99,1-Aug-17,1,1,1,9/2/2025 11:23
Mafia II: Definitive Edition,5,7306,-80,5.99,29.99,19-May-20,1,0,0,9/2/2025 11:23
Sengoku Dynasty,5,2220,-38,19.11,30.58,7-Nov-24,1,0,0,9/2/2025 11:23
BlazBlue Entropy Effect - Rachel Character Pack,8,1128,-25,3.74,4.99,24-Jul-24,1,0,1,9/2/2025 11:23
Dungeon Warfare 3,5,313,-10,17.09,18.99,29-Aug-25,1,0,1,9/2/2025 11:23
Max Payne 3,7,22276,-70,5.99,19.99,31-May-12,1,0,0,9/2/2025 11:23
Rogue Labyrinth,6,42,-20,11.99,14.99,1-Sep-25,1,1,0,9/2/2025 11:23
Mafia III: Definitive Edition,4,14851,-80,5.99,29.99,19-May-20,1,0,1,9/2/2025 11:23
Into the Breach,7,11813,-80,2.99,14.99,27-Feb-18,1,1,1,9/2/2025 11:23
Out of the Park Baseball 26,5,440,-50,24.99,49.99,14-Mar-25,1,0,1,9/2/2025 11:23
Total War: WARHAMMER III - Skulltaker – Omens of Destruction,4,700,-25,6.74,8.99,12-Dec-24,1,1,1,9/2/2025 11:23
Adventure Time: Pirates of the Enchiridion,7,702,-80,4.99,24.99,17-Jul-18,1,0,0,9/2/2025 11:23
Old World,7,2938,-75,9.99,39.99,18-May-22,1,1,1,9/2/2025 11:23
Guild Wars 2: Secrets of the Obscure™ Expansion,4,107,-30,17.49,24.99,22-Aug-23,1,0,0,9/2/2025 11:23
Persona 4 Golden,8,43704,-50,9.99,19.99,13-Jun-20,1,0,0,9/2/2025 11:23
Assassin’s Creed® Rogue,7,6652,-85,2.99,19.99,9-Mar-15,1,0,0,9/2/2025 11:23
ACE COMBAT™ 7: SKIES UNKNOWN,7,19858,-80,14.99,74.99,31-Jan-19,1,0,0,9/2/2025 11:23
Gang Beasts,7,23229,-60,7.99,19.99,12-Dec-17,1,1,1,9/2/2025 11:23
Unrailed 2: Back on Track,7,1299,-58,13.58,31.98,7-Nov-24,1,0,1,9/2/2025 11:23
Total War: WARHAMMER III - Champions of Chaos,4,803,-50,7.99,15.99,23-Aug-22,1,1,1,9/2/2025 11:23
Persona 3 Reload: Expansion Pass,4,1033,-60,13.99,34.99,11-Mar-24,1,0,0,9/2/2025 11:23
Total War: WARHAMMER III - Gorbad – Omens of Destruction,4,770,-25,6.74,8.99,12-Dec-24,1,1,1,9/2/2025 11:23
Dark Hours,7,935,-25,9.74,12.99,24-Oct-24,1,0,0,9/2/2025 11:23
Forts,7,8035,-50,7.49,14.99,19-Apr-17,1,0,0,9/2/2025 11:23
Total War: WARHAMMER III - Golgfag – Omens of Destruction,4,678,-25,6.74,8.99,12-Dec-24,1,1,1,9/2/2025 11:23
Dyson Sphere Program,8,23241,-20,15.99,19.99,20-Jan-21,1,0,0,9/2/2025 11:23
Shamania,5,22,-20,11.99,14.99,1-Sep-25,1,0,0,9/2/2025 11:23
Yakuza: Like a Dragon,8,13555,-50,9.99,19.99,10-Nov-20,1,0,0,9/2/2025 11:23
Brotato,8,26324,-40,2.99,4.99,23-Jun-23,1,0,0,9/2/2025 11:23
Guild Wars 2: Janthir Wilds™ Expansion,4,64,-20,19.99,24.99,20-Aug-24,1,0,0,9/2/2025 11:23
The Quarry,7,6674,-85,8.99,59.99,9-Jun-22,1,0,0,9/2/2025 11:23
Umamusume: Pretty Derby - Party Dash,4,903,-70,13.49,44.99,29-Aug-24,1,0,0,9/2/2025 11:23
Pacific Drive,7,11957,-50,14.99,29.99,21-Feb-24,1,0,0,9/2/2025 11:23
Wandering Sword,8,1871,-20,19.99,24.99,14-Sep-23,1,0,0,9/2/2025 11:23
Hogwarts Legacy: Dark Arts Pack,4,877,-80,3.99,19.99,10-Feb-23,1,0,0,9/2/2025 11:23
Like a Dragon Gaiden: The Man Who Erased His Name,8,4432,-65,17.49,49.99,8-Nov-23,1,0,0,9/2/2025 11:23
Untitled Goose Game,8,9290,-65,6.99,19.99,23-Sep-20,1,0,1,9/2/2025 11:23
LEGO® The Hobbit™,5,2050,-80,3.99,19.99,8-Apr-14,1,0,0,9/2/2025 11:23
Planet Coaster,7,30559,-75,11.24,44.99,17-Nov-16,1,0,1,9/2/2025 11:23
Another Crab's Treasure,8,8600,-40,17.99,29.99,25-Apr-24,1,0,0,9/2/2025 11:23
High On Life: High On Knife,4,379,-30,10.49,14.99,2-Oct-23,1,0,0,9/2/2025 11:23
Ready or Not: Official Soundtrack,4,236,-40,4.79,7.99,31-Jul-24,0,0,0,9/2/2025 11:23
ICBM: Escalation,7,901,-20,23.99,29.99,21-Nov-24,1,0,0,9/2/2025 11:23
Total War: WARHAMMER III - Elspeth – Thrones of Decay,7,1144,-33,6.02,8.99,30-Apr-24,1,1,1,9/2/2025 11:23
Total War: WARHAMMER III - Malakai – Thrones of Decay,7,1002,-33,6.02,8.99,30-Apr-24,1,1,1,9/2/2025 11:23
Darkest Dungeon® II: Inhuman Bondage,5,277,-25,7.49,9.99,27-Jan-25,1,0,1,9/2/2025 11:23
FlyKnight,8,7534,-20,4.79,5.99,31-Jan-25,1,0,0,9/2/2025 11:23
Darkest Dungeon® II: The Binding Blade,5,453,-25,7.49,9.99,11-Dec-23,1,0,1,9/2/2025 11:23
A Total War Saga: TROY,5,1631,-50,19.99,39.99,2-Sep-21,1,0,1,9/2/2025 11:23
UNO,5,25275,-60,3.99,9.99,3-Jan-17,1,0,0,9/2/2025 11:23
Total War: WARHAMMER II - Rise of the Tomb Kings,7,1908,-50,9.49,18.99,23-Jan-18,1,1,1,9/2/2025 11:23
DAVY x JONES,7,192,-34,6.59,9.99,28-Aug-25,1,0,0,9/2/2025 11:23
Sonic Origins,5,2951,-60,11.99,29.99,22-Jun-22,1,0,0,9/2/2025 11:23
MechWarrior 5: Clans - Ghost Bear: Flash Storm,7,338,-30,13.99,19.99,7-May-25,1,0,0,9/2/2025 11:23
The Jackbox Party Pack 7,8,3609,-40,17.99,29.99,14-Oct-20,1,1,1,9/2/2025 11:23
Total War: WARHAMMER III - Tamurkhan – Thrones of Decay,7,835,-33,6.02,8.99,30-Apr-24,1,1,1,9/2/2025 11:23
Total War: WARHAMMER II - Curse of the Vampire Coast,5,1374,-50,9.49,18.99,8-Nov-18,1,1,1,9/2/2025 11:23
Sonic Adventure 2,7,16157,-50,4.99,9.99,19-Nov-12,1,0,0,9/2/2025 11:23
Like a Dragon: Ishin!,7,2358,-75,14.99,59.99,21-Feb-23,1,0,0,9/2/2025 11:23
MechWarrior 5: Mercenaries - Heroes of the Inner Sphere,7,153,-60,7.99,19.99,26-May-21,1,0,0,9/2/2025 11:23
Outer Wilds - Echoes of the Eye,7,3580,-34,9.89,14.99,28-Sep-21,1,0,0,9/2/2025 11:23
Workers & Resources: Soviet Republic,7,7351,-50,19.99,39.99,20-Jun-24,1,0,0,9/2/2025 11:23
Firewatch,7,53260,-80,3.99,19.99,9-Feb-16,1,1,1,9/2/2025 11:23
Viewfinder,7,4951,-60,9.99,24.99,18-Jul-23,1,0,0,9/2/2025 11:23
MechWarrior 5: Mercenaries - Legend of the Kestrel Lancers,5,221,-60,7.99,19.99,22-Sep-21,1,0,0,9/2/2025 11:23
shapez 2,8,7078,-30,17.49,24.99,15-Aug-24,1,1,1,9/2/2025 11:23
Total War: PHARAOH,4,2173,-75,9.99,39.99,11-Oct-23,1,0,1,9/2/2025 11:23
Streets of Rage 4,7,6663,-65,8.74,24.99,30-Apr-20,1,1,1,9/2/2025 11:23
LEGO® Star Wars™: The Skywalker Saga Galactic Edition,7,36255,-80,13.99,69.99,1-Nov-22,1,0,0,9/2/2025 11:23
The Escapists 2,7,10910,-80,5.39,26.99,21-Aug-17,1,1,1,9/2/2025 11:23
Total War: WARHAMMER - Realm of The Wood Elves,4,1122,-50,9.49,18.99,8-Dec-16,1,1,1,9/2/2025 11:23
Trepang2,7,9645,-60,13.99,34.99,21-Jun-23,1,0,0,9/2/2025 11:23
The Riftbreaker: Soundtrack,6,13,-55,4.49,9.99,14-Oct-21,0,0,0,9/2/2025 11:23
Sonic Mania,7,13270,-75,4.99,19.99,29-Aug-17,1,0,0,9/2/2025 11:23
A Little to the Left: Seeing Stars,4,355,-25,6.74,8.99,25-Jun-24,1,0,1,9/2/2025 11:23
Persona® 5 Strikers,7,6791,-70,17.99,59.99,22-Feb-21,1,0,0,9/2/2025 11:23
Judgment,8,3984,-70,11.99,39.99,14-Sep-22,1,0,0,9/2/2025 11:23
Mini Motorways,8,14616,-30,6.99,9.99,20-Jul-21,1,0,1,9/2/2025 11:23
WitchSpring R,8,1920,-35,22.74,34.99,25-Sep-23,1,0,0,9/2/2025 11:23
Risk of Rain Returns,7,16398,-25,11.24,14.99,8-Nov-23,1,0,0,9/2/2025 11:23
Blasphemous 2,7,4415,-50,14.99,29.99,24-Aug-23,1,0,0,9/2/2025 11:23
Skull and Bones,4,1287,-60,15.99,39.99,22-Aug-24,1,0,0,9/2/2025 11:23
Stronghold: Definitive Edition,7,2823,-67,4.94,14.99,7-Nov-23,1,0,0,9/2/2025 11:23
Fabledom,7,3017,-55,9.44,20.99,13-May-24,1,0,0,9/2/2025 11:23
Forever Skies,7,4029,-25,22.49,29.99,14-Apr-25,1,0,0,9/2/2025 11:23
"Warhammer 40,000: Chaos Gate - Daemonhunters",5,6872,-75,11.24,44.99,5-May-22,1,0,0,9/2/2025 11:23
RPG Maker MV,7,3516,-85,11.99,79.99,23-Oct-15,1,1,1,9/2/2025 11:23
HumanitZ,5,2218,-35,12.99,19.99,18-Sep-23,1,0,0,9/2/2025 11:23
Taiko no Tatsujin: Rhythm Festival,7,882,-30,34.99,49.99,6-Nov-24,1,0,0,9/2/2025 11:23
Shadow Gambit: The Cursed Crew,7,1694,-75,9.99,39.99,17-Aug-23,1,0,0,9/2/2025 11:23
Friends vs Friends,7,6714,-75,2.49,9.99,30-May-23,1,0,0,9/2/2025 11:23
Axiom Verge,7,3919,-50,9.99,19.99,14-May-15,1,1,0,9/2/2025 11:23
Two Point Museum: Fantasy Finds,7,130,-10,7.19,7.99,17-Jul-25,1,1,1,9/2/2025 11:23
Grimshire,8,698,-10,13.49,14.99,22-Jul-25,1,0,0,9/2/2025 11:23
Total War: WARHAMMER III - Ogre Kingdoms,4,489,-50,5.99,11.99,24-Feb-22,1,1,1,9/2/2025 11:23
Echo Point Nova,8,5024,-33,16.74,24.99,24-Sep-24,1,0,0,9/2/2025 11:23
LEGO® STAR WARS™: The Force Awakens,5,2025,-80,3.99,19.99,27-Jun-16,1,0,0,9/2/2025 11:23
Beyond the Map,7,217,-10,17.99,19.99,25-Aug-25,1,0,0,9/2/2025 11:23
Norland,7,2348,-35,19.49,29.99,18-Jul-24,1,0,0,9/2/2025 11:23
THE KING OF FIGHTERS XV,7,2643,-60,11.99,29.99,12-Dec-24,1,0,0,9/2/2025 11:23
Bayonetta,7,9734,-70,5.99,19.99,11-Apr-17,1,0,0,9/2/2025 11:23
LEGO® Jurassic World,7,3167,-80,3.99,19.99,11-Jun-15,1,0,0,9/2/2025 11:23
En Garde!,7,2105,-75,4.99,19.99,16-Aug-23,1,0,0,9/2/2025 11:23
Dokapon Kingdom: Connect,7,591,-60,19.99,49.99,7-Sep-23,1,0,0,9/2/2025 11:23
Total War: WARHAMMER III - Yuan Bo – Shadows of Change,4,72,-50,4.49,8.99,25-Mar-25,1,1,1,9/2/2025 11:23
Yakuza Kiwami,7,10135,-45,10.99,19.99,19-Feb-19,1,0,0,9/2/2025 11:23
MechWarrior 5: Mercenaries - Solaris Showdown,4,196,-60,5.99,14.99,13-Mar-24,1,0,0,9/2/2025 11:23
Persona 5 Tactica,5,1320,-70,17.99,59.99,16-Nov-23,1,0,0,9/2/2025 11:23
Maneater,7,6262,-80,7.99,39.99,25-May-21,1,0,0,9/2/2025 11:23
The Knightling,7,107,-20,23.99,29.99,28-Aug-25,1,0,0,9/2/2025 11:23
Yakuza Kiwami 2,8,7882,-45,10.99,19.99,9-May-19,1,0,0,9/2/2025 11:23
Hell Clock,7,1174,-20,15.99,19.99,22-Jul-25,1,0,0,9/2/2025 11:23
Total War: WARHAMMER III - The Changeling – Shadows of Change,4,70,-50,4.49,8.99,25-Mar-25,1,1,1,9/2/2025 11:23
Total War: WARHAMMER III - Mother Ostankya – Shadows of Change,5,45,-50,4.49,8.99,25-Mar-25,1,1,1,9/2/2025 11:23
ENDLESS™ Space 2,7,9146,-75,9.99,39.99,18-May-17,1,0,1,9/2/2025 11:23
Harry Potter: Quidditch Champions Deluxe Pack,4,16,-80,2.99,14.99,3-Sep-24,1,0,0,9/2/2025 11:23
Brawlhalla - All Legends (Current and Future),7,382,-50,19.99,39.99,3-Nov-15,1,0,1,9/2/2025 11:23
Total War: ROME REMASTERED,5,7496,-75,7.49,29.99,29-Apr-21,1,1,1,9/2/2025 11:23
We Were Here Forever,7,5386,-50,8.99,17.99,10-May-22,1,0,0,9/2/2025 11:23
Company of Heroes 2,7,27708,-75,4.99,19.99,24-Jun-13,1,1,1,9/2/2025 11:23
The Henry Stickmin Collection,8,36282,-60,5.99,14.99,7-Aug-20,1,0,1,9/2/2025 11:23
Roots of Pacha,8,2226,-40,14.99,24.99,25-Apr-23,1,1,1,9/2/2025 11:23
Storyteller,7,3612,-40,8.99,14.99,23-Mar-23,1,0,1,9/2/2025 11:23
Total War: WARHAMMER - Call of the Beastmen,4,1343,-50,9.49,18.99,28-Jul-16,1,1,1,9/2/2025 11:23
Total War: EMPIRE – Definitive Edition,7,11629,-75,6.24,24.99,4-Mar-09,1,1,1,9/2/2025 11:23
LORED,7,54,-20,7.99,9.99,29-Aug-25,1,1,0,9/2/2025 11:23
Summer Memories+ - Expansion DLC,5,948,-35,6.49,9.99,8-Jan-21,1,0,0,9/2/2025 11:23
Valkyria Chronicles 4 Complete Edition,7,2475,-80,9.99,49.99,25-Sep-18,1,0,0,9/2/2025 11:23
Blacksmith Master,7,1395,-25,14.99,19.99,15-May-25,1,1,1,9/2/2025 11:23
Teenage Mutant Ninja Turtles: Splintered Fate,7,1891,-50,14.99,29.99,6-Nov-24,1,0,0,9/2/2025 11:23
HUMANKIND™,4,11850,-75,12.49,49.99,17-Aug-21,1,0,1,9/2/2025 11:23
Shin Megami Tensei III Nocturne HD Remaster,7,2350,-70,14.99,49.99,20-May-21,1,0,0,9/2/2025 11:23
Astral Ascent,8,1556,-50,12.49,24.99,14-Nov-23,1,1,1,9/2/2025 11:23
LEGO® The Incredibles,7,1252,-90,3.99,39.99,15-Jun-18,1,0,0,9/2/2025 11:23
Starbound,7,51515,-60,5.99,14.99,22-Jul-16,1,1,1,9/2/2025 11:23
StarVaders,8,1584,-10,22.49,24.99,30-Apr-25,1,0,1,9/2/2025 11:23
Paleo Pines,7,1788,-70,8.99,29.99,26-Sep-23,1,1,0,9/2/2025 11:23
LEGO® City Undercover,7,3150,-85,2.99,19.99,4-Apr-17,1,0,0,9/2/2025 11:23
MechWarrior 5: Mercenaries - The Dragon's Gambit,4,85,-60,5.99,14.99,27-Sep-23,1,0,0,9/2/2025 11:23
The Last Spell,7,5923,-60,9.99,24.99,9-Mar-23,1,0,0,9/2/2025 11:23
Thank Goodness You're Here!,8,4890,-40,11.99,19.99,1-Aug-24,1,0,1,9/2/2025 11:23
Wizardry: Proving Grounds of the Mad Overlord,5,967,-55,15.74,34.99,23-May-24,1,0,0,9/2/2025 11:23
A Little to the Left: Cupboards & Drawers,7,225,-25,4.49,5.99,27-Jun-23,1,0,1,9/2/2025 11:23
What Remains of Edith Finch,7,16277,-75,4.99,19.99,24-Apr-17,1,0,0,9/2/2025 11:23
Echoes of the Plum Grove,7,1749,-40,11.99,19.99,29-Apr-24,1,0,1,9/2/2025 11:23
MOBILE SUIT GUNDAM SEED BATTLE DESTINY REMASTERED,5,566,-20,31.99,39.99,21-May-25,1,0,0,9/2/2025 11:23
Cassette Beasts,8,5527,-50,9.99,19.99,26-Apr-23,1,1,0,9/2/2025 11:23
Total War: WARHAMMER II - The Prophet & The Warlock,7,1149,-50,4.99,9.99,17-Apr-19,1,1,1,9/2/2025 11:23
Total War: NAPOLEON – Definitive Edition,7,9628,-75,6.24,24.99,25-Feb-10,1,0,1,9/2/2025 11:23
Aliens vs. Predator™,7,7577,-75,3.74,14.99,16-Feb-10,1,0,0,9/2/2025 11:23
Unrailed!,7,4455,-85,2.99,19.99,23-Sep-20,1,1,1,9/2/2025 11:23
Starlight Re:Volver,5,168,-20,19.99,24.99,27-Aug-25,1,0,1,9/2/2025 11:23
Necesse,8,7690,-35,9.74,14.99,12-Dec-19,1,1,1,9/2/2025 11:23
Worldwide Rush,7,205,-15,16.99,19.99,20-Aug-25,1,0,0,9/2/2025 11:23
The Jackbox Party Pack 6,8,1979,-45,16.49,29.99,16-Oct-19,1,1,1,9/2/2025 11:23
DREDGE - The Iron Rig,7,571,-25,8.99,11.99,15-Aug-24,1,0,1,9/2/2025 11:23
Empires of the Undergrowth,8,9300,-50,14.99,29.99,7-Jun-24,1,0,1,9/2/2025 11:23
Star Trucker - Official Game Soundtrack,6,21,-50,3.49,6.99,3-Sep-24,0,0,0,9/2/2025 11:23
The Jackbox Party Pack 8,7,1089,-40,17.99,29.99,13-Oct-21,1,1,1,9/2/2025 11:23
Fights in Tight Spaces,7,2195,-80,4.99,24.99,2-Dec-21,1,0,0,9/2/2025 11:23
Total War: MEDIEVAL II – Definitive Edition,8,15813,-80,4.99,24.99,27-Nov-07,1,1,1,9/2/2025 11:23
Lost Judgment - The Kaito Files Story Expansion,7,579,-50,14.99,29.99,14-Sep-22,1,0,0,9/2/2025 11:23
MechWarrior 5: Mercenaries - Rise of Rasalhague,4,178,-60,5.99,14.99,25-Jan-23,1,0,0,9/2/2025 11:23
Danganronpa V3: Killing Harmony,7,8675,-65,13.99,39.99,25-Sep-17,1,0,0,9/2/2025 11:23
MechWarrior 5: Mercenaries - Call to Arms,4,123,-60,5.99,14.99,7-Jun-22,1,0,0,9/2/2025 11:23
Cloudpunk,7,6988,-65,6.99,19.99,23-Apr-20,1,0,0,9/2/2025 11:23
Saints Row,4,2551,-80,5.99,29.99,24-Aug-23,1,0,0,9/2/2025 11:23
Yakuza 6: The Song of Life,8,3462,-45,10.99,19.99,25-Mar-21,1,0,0,9/2/2025 11:23
Backpack Hero,7,3862,-50,9.99,19.99,14-Nov-23,1,1,1,9/2/2025 11:23
Total War: WARHAMMER II - The Twisted & The Twilight,5,959,-50,4.99,9.99,3-Dec-20,1,1,1,9/2/2025 11:23
SKALD: Against the Black Priory,7,2543,-45,8.24,14.99,30-May-24,1,0,1,9/2/2025 11:23
Wanderstop,7,1913,-20,19.99,24.99,11-Mar-25,1,0,0,9/2/2025 11:23
Hello Kitty Island Adventure - Deluxe Edition,7,93,-25,44.99,59.99,30-Jan-25,1,0,0,9/2/2025 11:23
Total War: WARHAMMER II - The Silence & The Fury,5,842,-50,4.99,9.99,14-Jul-21,1,1,1,9/2/2025 11:23
The LEGO® Movie - Videogame,7,1684,-80,3.99,19.99,7-Feb-14,1,0,0,9/2/2025 11:23
Total War: MEDIEVAL II - Definitive Edition,8,25872,-80,4.99,24.99,27-Nov-07,1,1,1,9/2/2025 11:23
Yakuza 5 Remastered,7,3531,-45,10.99,19.99,28-Jan-21,1,0,0,9/2/2025 11:23
Chorus,7,2092,-85,3.74,24.99,3-Dec-21,1,0,0,9/2/2025 11:23
The Jackbox Party Pack 9,7,559,-40,17.99,29.99,19-Oct-22,1,1,1,9/2/2025 11:23
LEGO® Bricktales,7,1352,-87,3.89,29.99,12-Oct-22,1,1,1,9/2/2025 11:23
Mechabellum,7,8478,-20,11.99,14.99,26-Sep-24,1,0,0,9/2/2025 11:23
Total War: WARHAMMER II - The Hunter & The Beast,4,1434,-50,4.99,9.99,11-Sep-19,1,1,1,9/2/2025 11:23
Persona 4 Arena Ultimax,7,2400,-70,8.99,29.99,16-Mar-22,1,0,0,9/2/2025 11:23
The Jackbox Party Pack 5,7,1962,-50,14.99,29.99,17-Oct-18,1,1,1,9/2/2025 11:23
Darkest Dungeon® II: Infernal Supporter Pack,7,164,-25,3.74,4.99,14-Apr-25,1,0,1,9/2/2025 11:23
Demon Slayer -Kimetsu no Yaiba- The Hinokami Chronicles,7,8043,-50,29.99,59.99,15-Oct-21,1,0,0,9/2/2025 11:23
The Jackbox Party Pack 4,8,1894,-55,11.24,24.99,18-Oct-17,1,1,1,9/2/2025 11:23
Planet Zoo: Asia Animal Pack,6,23,-15,8.49,9.99,25-Jun-25,1,0,0,9/2/2025 11:23
Darkest Dungeon® II: The Soundtrack,6,34,-63,3.69,9.99,8-May-23,0,0,0,9/2/2025 11:23
Saints Row: The Third,7,18657,-65,3.49,9.99,14-Nov-11,1,1,0,9/2/2025 11:23
Yakuza 4 Remastered,7,3378,-45,10.99,19.99,28-Jan-21,1,0,0,9/2/2025 11:23
Danganronpa: Trigger Happy Havoc,8,14799,-30,13.99,19.99,18-Feb-16,1,1,1,9/2/2025 11:23
Elite Dangerous: Odyssey,3,5291,-40,8.99,14.99,19-May-21,1,0,0,9/2/2025 11:23
Airborne Empire,7,473,-30,20.99,29.99,13-Jan-25,1,0,0,9/2/2025 11:23
The LEGO Games Bundle,7,15818,-87,12.99,99.99,8-Jul-20,1,0,0,9/2/2025 11:23
Vanquish,7,3715,-70,5.99,19.99,25-May-17,1,0,0,9/2/2025 11:23
Wildfrost,7,5089,-40,11.99,19.99,12-Apr-23,1,0,0,9/2/2025 11:23
Legion TD 2 - Multiplayer Tower Defense,7,5947,-65,8.74,24.99,1-Oct-21,1,0,1,9/2/2025 11:23
Kathy Rain 2: Soothsayer,8,652,-15,16.99,19.99,20-May-25,1,1,1,9/2/2025 11:23
Dungeon Clawler,7,1659,-30,6.99,9.99,21-Nov-24,1,1,1,9/2/2025 11:23
Killing Floor,8,21223,-90,1.99,19.99,14-May-09,1,1,1,9/2/2025 11:23
Journey,7,11601,-67,4.94,14.99,11-Jun-20,1,0,0,9/2/2025 11:23
WRC 10 FIA World Rally Championship,5,1598,-90,4.99,49.99,2-Sep-21,1,0,0,9/2/2025 11:23
Total War: WARHAMMER II - The Warden & The Paunch,4,1464,-50,4.99,9.99,21-May-20,1,1,1,9/2/2025 11:23
A Game About Digging A Hole,7,9278,-21,3.94,4.99,7-Feb-25,1,0,0,9/2/2025 11:23
Total War: WARHAMMER II - The Shadow & The Blade,4,767,-50,4.99,9.99,12-Dec-19,1,1,1,9/2/2025 11:23
Nunholy,7,1521,-30,5.59,7.99,16-Jan-25,1,1,1,9/2/2025 11:23
Hardspace: Shipbreaker,7,15243,-65,12.24,34.99,24-May-22,1,0,0,9/2/2025 11:23
Neon White,8,11466,-50,12.49,24.99,16-Jun-22,1,0,0,9/2/2025 11:23
Etrian Odyssey III HD,7,506,-60,15.99,39.99,14-Jun-23,1,0,0,9/2/2025 11:23
Total War: WARHAMMER II - The Queen & The Crone,5,707,-50,4.99,9.99,31-May-18,1,1,1,9/2/2025 11:23
F1® Manager 2024,5,1794,-70,13.49,44.99,23-Jul-24,1,0,0,9/2/2025 11:23
Knights in Tight Spaces,5,606,-30,13.99,19.99,4-Mar-25,1,0,0,9/2/2025 11:23
Danganronpa 2: Goodbye Despair,8,11557,-30,13.99,19.99,18-Apr-16,1,1,1,9/2/2025 11:23
Wild Woods,5,967,-50,7.49,14.99,9-Dec-24,1,0,0,9/2/2025 11:23
Oddsparks: An Automation Adventure,7,1596,-25,22.49,29.99,27-May-25,1,0,0,9/2/2025 11:23
Saints Row®: The Third™ Remastered,4,1749,-85,4.49,29.99,21-May-21,1,0,0,9/2/2025 11:23
SONIC SUPERSTARS,4,1886,-65,20.99,59.99,16-Oct-23,1,0,0,9/2/2025 11:23
Sonic Colors: Ultimate,4,1104,-70,11.99,39.99,6-Feb-23,1,0,0,9/2/2025 11:23
